timestamp,open,high,low,close,volume
2025-11-15 08:48:06.136,96352.0,96369.0,95660.0,95935.0,1108.54743
2025-11-15 09:48:06.136,95936.0,96152.0,95684.0,95827.0,367.71521
2025-11-15 10:48:06.136,95828.0,96082.0,95702.0,95962.0,409.73461
2025-11-15 11:48:06.136,95963.0,95993.0,95638.0,95717.0,455.96005
2025-11-15 12:48:06.136,95718.0,95902.0,95585.0,95830.0,423.99355
2025-11-15 13:48:06.136,95831.0,96400.0,95743.0,96395.0,900.10602
2025-11-15 14:48:06.136,96395.0,96511.0,96063.0,96284.0,694.889
2025-11-15 15:48:06.136,96285.0,96470.0,96156.0,96283.0,568.27063
2025-11-15 16:48:06.136,96284.0,96365.0,95716.0,96152.0,2830.54263
2025-11-15 17:48:06.136,96153.0,96395.0,95828.0,96219.0,867.73451
2025-11-15 18:48:06.136,96219.0,96353.0,95957.0,96047.0,435.66152
2025-11-15 19:48:06.136,96047.0,96150.0,95915.0,96007.0,299.40345
2025-11-15 20:48:06.136,96007.0,96021.0,95115.0,95277.0,1609.05797
2025-11-15 21:48:06.136,95277.0,95691.0,95121.0,95282.0,1430.76548
2025-11-15 22:48:06.136,95282.0,95661.0,95219.0,95617.0,1158.5157
2025-11-15 23:48:06.136,95616.0,95680.0,95480.0,95592.0,473.11584
2025-11-16 00:48:06.136,95593.0,95704.0,95201.0,95368.0,787.90064
2025-11-16 01:48:06.136,95369.0,95503.0,94838.0,95274.0,1331.35632
2025-11-16 02:48:06.136,95274.0,95972.0,95099.0,95972.0,629.21211
2025-11-16 03:48:06.136,95972.0,95984.0,95631.0,95809.0,456.7633
2025-11-16 04:48:06.136,95816.0,95940.0,95651.0,95826.0,291.32414
2025-11-16 05:48:06.136,95826.0,96207.0,95814.0,95883.0,1252.23207
2025-11-16 06:48:06.136,95883.0,96036.0,95740.0,95791.0,331.36534
2025-11-16 07:48:06.136,95791.0,96100.0,95722.0,96100.0,290.33369
2025-11-16 08:48:06.136,96100.0,96254.0,95848.0,96121.0,641.04956
2025-11-16 09:48:06.136,96121.0,96654.0,95932.0,96653.0,1277.02466
2025-11-16 10:48:06.136,96653.0,96654.0,96412.0,96478.0,757.89246
2025-11-16 11:48:06.136,96477.0,96478.0,95523.0,95665.0,1827.46836
2025-11-16 12:48:06.136,95664.0,95938.0,95483.0,95777.0,1130.51633
2025-11-16 13:48:06.136,95778.0,95874.0,95141.0,95425.0,895.80186
2025-11-16 14:48:06.136,95425.0,95700.0,95322.0,95551.0,419.25917
2025-11-16 15:48:06.136,95550.0,95576.0,94395.0,94589.0,1134.73368
2025-11-16 16:48:06.136,94589.0,94973.0,94041.0,94242.0,2278.4196
2025-11-16 17:48:06.136,94241.0,94555.0,93756.0,94361.0,3526.31575
2025-11-16 18:48:06.136,94362.0,95578.0,93780.0,94054.0,4469.16809
2025-11-16 19:48:06.136,94054.0,94602.0,93959.0,94045.0,1549.63984
2025-11-16 20:48:06.136,94044.0,94745.0,93976.0,94100.0,954.28322
2025-11-16 21:48:06.136,94100.0,94209.0,93385.0,93523.0,1491.85427
2025-11-16 22:48:06.136,93523.0,94530.0,93025.0,94211.0,2775.49454
2025-11-16 23:48:06.136,94211.0,94578.0,93030.0,94291.0,3222.47996
2025-11-17 00:48:06.136,94291.0,95400.0,93775.0,95323.0,1932.96026
2025-11-17 01:48:06.136,95322.0,95507.0,94750.0,94792.0,861.50098
2025-11-17 02:48:06.136,94791.0,95443.0,94745.0,94982.0,1039.84233
2025-11-17 03:48:06.136,94982.0,95585.0,94982.0,95537.0,811.64791
2025-11-17 04:48:06.136,95536.0,95605.0,94912.0,95137.0,646.7339
2025-11-17 05:48:06.136,95137.0,95301.0,94941.0,95145.0,340.43429
2025-11-17 06:48:06.136,95146.0,95370.0,94933.0,95322.0,404.94642
2025-11-17 07:48:06.136,95323.0,95919.0,95240.0,95678.0,1014.22368
2025-11-17 08:48:06.136,95678.0,96055.0,95561.0,95654.0,1138.75825
2025-11-17 09:48:06.136,95653.0,95900.0,95340.0,95682.0,688.33313
2025-11-17 10:48:06.136,95681.0,95914.0,95567.0,95671.0,215.7525
2025-11-17 11:48:06.136,95670.0,95979.0,95412.0,95592.0,565.84522
2025-11-17 12:48:06.136,95591.0,95606.0,95309.0,95343.0,607.60536
2025-11-17 13:48:06.136,95343.0,95421.0,93583.0,93966.0,3451.87193
2025-11-17 14:48:06.136,93966.0,96088.0,93785.0,94816.0,6339.05932
2025-11-17 15:48:06.136,94817.0,95091.0,93863.0,94013.0,2887.9678
2025-11-17 16:48:06.136,94014.0,94477.0,93107.0,94359.0,3622.09419
2025-11-17 17:48:06.136,94358.0,94439.0,92689.0,92772.0,4255.66082
2025-11-17 18:48:06.136,92772.0,93220.0,92431.0,92567.0,3116.60914
2025-11-17 19:48:06.136,92568.0,92685.0,91631.0,91745.0,4194.62679
2025-11-17 20:48:06.136,91745.0,92291.0,91355.0,92071.0,4773.65659
2025-11-17 21:48:06.136,92072.0,92301.0,91582.0,92024.0,2868.28324
2025-11-17 22:48:06.136,92025.0,92458.0,91889.0,92314.0,1626.93917
2025-11-17 23:48:06.136,92315.0,92365.0,91856.0,92272.0,1162.4656
2025-11-18 00:48:06.136,92273.0,92415.0,91228.0,92195.0,1846.30963
2025-11-18 01:48:06.136,92195.0,92252.0,91658.0,91791.0,1022.17547
2025-11-18 02:48:06.136,91791.0,91791.0,90749.0,90913.0,4155.14807
2025-11-18 03:48:06.136,90913.0,90958.0,89704.0,90872.0,6332.355
2025-11-18 04:48:06.136,90872.0,90883.0,89262.0,90098.0,4468.17613
2025-11-18 05:48:06.136,90098.0,90485.0,89739.0,90245.0,2337.84277
2025-11-18 06:48:06.136,90245.0,90252.0,89410.0,89681.0,1608.3441
2025-11-18 07:48:06.136,89682.0,90574.0,89365.0,90516.0,1640.99577
2025-11-18 08:48:06.136,90516.0,91491.0,90509.0,91250.0,1891.01701
2025-11-18 09:48:06.136,91250.0,91507.0,90910.0,91426.0,789.23612
2025-11-18 10:48:06.136,91427.0,91642.0,91280.0,91610.0,1030.32891
2025-11-18 11:48:06.136,91610.0,91632.0,91257.0,91538.0,734.03475
2025-11-18 12:48:06.136,91538.0,91887.0,91113.0,91541.0,1558.26257
2025-11-18 13:48:06.136,91540.0,91683.0,90928.0,91498.0,1187.13161
2025-11-18 14:48:06.136,91498.0,92534.0,91232.0,91384.0,3452.72074
2025-11-18 15:48:06.136,91414.0,93104.0,91033.0,92943.0,4865.471
2025-11-18 16:48:06.136,92943.0,93851.0,92611.0,93513.0,3060.88498
2025-11-18 17:48:06.136,93512.0,93678.0,92840.0,93270.0,1753.68663
2025-11-18 18:48:06.136,93269.0,93778.0,93144.0,93325.0,2058.20484
2025-11-18 19:48:06.136,93329.0,93621.0,92988.0,93182.0,1275.43967
2025-11-18 20:48:06.136,93182.0,93306.0,92656.0,92789.0,1325.29596
2025-11-18 21:48:06.136,92788.0,93033.0,92450.0,92486.0,1090.12143
2025-11-18 22:48:06.136,92486.0,93430.0,92483.0,93160.0,877.70142
2025-11-18 23:48:06.136,93159.0,93168.0,92734.0,92972.0,864.75698
2025-11-19 00:48:06.136,92973.0,92996.0,91957.0,92417.0,1556.06505
2025-11-19 01:48:06.136,92418.0,92663.0,91949.0,92442.0,1408.43683
2025-11-19 02:48:06.136,92443.0,92873.0,92281.0,92578.0,703.09275
2025-11-19 03:48:06.136,92579.0,92645.0,91671.0,91879.0,1794.29677
2025-11-19 04:48:06.136,91879.0,91973.0,91136.0,91159.0,1522.05731
2025-11-19 05:48:06.136,91160.0,91263.0,90025.0,90450.0,3316.8044
2025-11-19 06:48:06.136,90450.0,91100.0,90272.0,90984.0,2219.01789
2025-11-19 07:48:06.136,90983.0,92029.0,90958.0,91874.0,1398.43685
2025-11-19 08:48:06.136,91874.0,91956.0,91320.0,91466.0,1419.23242
2025-11-19 09:48:06.136,91466.0,91521.0,91068.0,91516.0,772.50572
2025-11-19 10:48:06.136,91516.0,91689.0,91221.0,91307.0,607.55655
2025-11-19 11:48:06.136,91307.0,91772.0,91302.0,91399.0,826.51314
2025-11-19 12:48:06.136,91398.0,91869.0,91203.0,91770.0,810.67991
2025-11-19 13:48:06.136,91770.0,91920.0,91178.0,91383.0,1514.01237
2025-11-19 14:48:06.136,91382.0,91849.0,91027.0,91690.0,1552.6701
2025-11-19 15:48:06.136,91700.0,92393.0,89870.0,89939.0,3545.79797
2025-11-19 16:48:06.136,89938.0,90232.0,89444.0,89908.0,3867.15358
2025-11-19 17:48:06.136,89886.0,90129.0,88888.0,89507.0,3330.48016
2025-11-19 18:48:06.136,89507.0,89741.0,88810.0,89279.0,2935.15364
2025-11-19 19:48:06.136,89279.0,89402.0,88652.0,88888.0,2578.18278
2025-11-19 20:48:06.136,88888.0,89701.0,88617.0,89574.0,3020.93537
2025-11-19 21:48:06.136,89570.0,90854.0,89460.0,90604.0,4236.83062
2025-11-19 22:48:06.136,90603.0,90646.0,90100.0,90481.0,1538.00745
2025-11-19 23:48:06.136,90481.0,91600.0,90481.0,91554.0,2368.00413
2025-11-20 00:48:06.136,91554.0,92306.0,91188.0,91889.0,2080.76055
2025-11-20 01:48:06.136,91890.0,92726.0,91818.0,92601.0,1556.26964
2025-11-20 02:48:06.136,92600.0,92800.0,92326.0,92592.0,920.11338
2025-11-20 03:48:06.136,92594.0,92730.0,92379.0,92444.0,1005.86852
2025-11-20 04:48:06.136,92444.0,92989.0,92131.0,92958.0,911.87591
2025-11-20 05:48:06.136,92958.0,93167.0,92570.0,92604.0,988.4854
2025-11-20 06:48:06.136,92605.0,92852.0,91680.0,91969.0,884.17385
2025-11-20 07:48:06.136,91968.0,92452.0,91803.0,92324.0,842.6245
2025-11-20 08:48:06.136,92325.0,92415.0,92036.0,92118.0,419.09831
2025-11-20 09:48:06.136,92119.0,92132.0,91450.0,91886.0,713.36028
2025-11-20 10:48:06.136,91890.0,92053.0,91604.0,91807.0,527.88501
2025-11-20 11:48:06.136,91807.0,92028.0,91500.0,91941.0,359.48407
2025-11-20 12:48:06.136,91940.0,92008.0,91696.0,91835.0,302.37024
2025-11-20 13:48:06.136,91836.0,92522.0,91503.0,91521.0,1787.48154
2025-11-20 14:48:06.136,91522.0,91711.0,90469.0,91101.0,4251.27575
2025-11-20 15:48:06.136,91104.0,91192.0,89825.0,89880.0,2563.95387
2025-11-20 16:48:06.136,89880.0,89926.0,87473.0,87894.0,9226.68051
2025-11-20 17:48:06.136,87894.0,88167.0,86384.0,87253.0,6612.41479
2025-11-20 18:48:06.136,87253.0,87796.0,86332.0,86499.0,4257.55261
2025-11-20 19:48:06.136,86500.0,87182.0,86109.0,86936.0,4166.45173
2025-11-20 20:48:06.136,86937.0,87155.0,86343.0,86491.0,2502.1782
2025-11-20 21:48:06.136,86492.0,87720.0,86465.0,87335.0,2443.89479
2025-11-20 22:48:06.136,87335.0,88282.0,87259.0,88094.0,2192.13775
2025-11-20 23:48:06.136,88097.0,88223.0,86553.0,86650.0,2672.98513
2025-11-21 00:48:06.136,86650.0,87516.0,86606.0,87281.0,1815.67369
2025-11-21 01:48:06.136,87281.0,87489.0,86836.0,87063.0,1802.88704
2025-11-21 02:48:06.136,87064.0,87083.0,85334.0,85463.0,4529.66264
2025-11-21 03:48:06.136,85463.0,86136.0,85428.0,85807.0,3157.12613
2025-11-21 04:48:06.136,85808.0,86100.0,85387.0,86041.0,1556.87575
2025-11-21 05:48:06.136,86042.0,86347.0,85829.0,86186.0,907.88047
2025-11-21 06:48:06.136,86188.0,86250.0,85531.0,85568.0,1191.21718
2025-11-21 07:48:06.136,85567.0,85753.0,80255.0,84030.0,11014.22449
2025-11-21 08:48:06.136,84027.0,84677.0,83554.0,83633.0,4303.50919
2025-11-21 09:48:06.136,83634.0,83980.0,82082.0,82210.0,4777.37233
2025-11-21 10:48:06.136,82209.0,82890.0,81651.0,82706.0,5202.10014
2025-11-21 11:48:06.136,82706.0,83341.0,82177.0,82315.0,3046.53624
2025-11-21 12:48:06.136,82308.0,83595.0,80614.0,83250.0,10477.74712
2025-11-21 13:48:06.136,83253.0,84411.0,83112.0,84104.0,4554.86752
2025-11-21 14:48:06.136,84103.0,85457.0,83533.0,84812.0,8413.4923
2025-11-21 15:48:06.136,84817.0,85071.0,82698.0,82898.0,6258.47135
2025-11-21 16:48:06.136,82898.0,84899.0,82288.0,84898.0,6667.37098
2025-11-21 17:48:06.136,84898.0,85539.0,84588.0,84847.0,4743.0
2025-11-21 18:48:06.136,84835.0,85076.0,83251.0,84567.0,5427.26297
2025-11-21 19:48:06.136,84568.0,85000.0,84059.0,84185.0,2453.03387
2025-11-21 20:48:06.136,84184.0,84632.0,83433.0,84555.0,3456.40671
2025-11-21 21:48:06.136,84555.0,85403.0,84340.0,85166.0,1889.89214
2025-11-21 22:48:06.136,85166.0,85389.0,84227.0,84254.0,3181.7668
2025-11-21 23:48:06.136,84254.0,85343.0,84089.0,85111.0,2130.91691
2025-11-22 00:48:06.136,85112.0,85611.0,84523.0,84697.0,3187.54288
2025-11-22 01:48:06.136,84696.0,85174.0,84548.0,85139.0,1292.82542
2025-11-22 02:48:06.136,85138.0,85180.0,84248.0,84498.0,1595.81089
2025-11-22 03:48:06.136,84497.0,84571.0,84166.0,84400.0,1073.13606
2025-11-22 04:48:06.136,84399.0,84502.0,83788.0,84200.0,1054.57468
2025-11-22 05:48:06.136,84199.0,84274.0,83835.0,84250.0,754.32106
2025-11-22 06:48:06.136,84250.0,84763.0,84032.0,84600.0,729.84486
2025-11-22 07:48:06.136,84600.0,84635.0,84362.0,84547.0,344.23421
2025-11-22 08:48:06.136,84547.0,84548.0,83903.0,83987.0,1135.3428
2025-11-22 09:48:06.136,83987.0,84312.0,83820.0,83892.0,847.50523
2025-11-22 10:48:06.136,83891.0,84193.0,83450.0,83655.0,1737.19291
2025-11-22 11:48:06.136,83653.0,84308.0,83549.0,84062.0,1522.86099
2025-11-22 12:48:06.136,84061.0,84114.0,83581.0,83844.0,1104.46031
2025-11-22 13:48:06.136,83845.0,84098.0,83611.0,83906.0,673.97217
2025-11-22 14:48:06.136,83908.0,84715.0,83908.0,84453.0,908.14818
2025-11-22 15:48:06.136,84452.0,84544.0,83972.0,84245.0,677.0745
2025-11-22 16:48:06.136,84245.0,84875.0,84184.0,84672.0,874.77727
2025-11-22 17:48:06.136,84672.0,84692.0,84403.0,84524.0,973.55255
2025-11-22 18:48:06.136,84524.0,84651.0,84450.0,84631.0,420.82309
2025-11-22 19:48:06.136,84630.0,84774.0,84462.0,84571.0,443.29418
2025-11-22 20:48:06.136,84571.0,84789.0,84222.0,84433.0,1541.64159
2025-11-22 21:48:06.136,84434.0,84488.0,84222.0,84378.0,503.17052
2025-11-22 22:48:06.136,84377.0,85241.0,84241.0,85030.0,893.6703
2025-11-22 23:48:06.136,85030.0,85140.0,84636.0,84711.0,1030.90126
2025-11-23 00:48:06.136,84711.0,85285.0,84648.0,84935.0,1559.87428
2025-11-23 01:48:06.136,84935.0,86121.0,84910.0,85866.0,2754.21976
2025-11-23 02:48:06.136,85866.0,86315.0,85662.0,85965.0,2573.41509
2025-11-23 03:48:06.136,85965.0,86304.0,85807.0,86295.0,1904.41478
2025-11-23 04:48:06.136,86296.0,86845.0,86139.0,86518.0,2656.13822
2025-11-23 05:48:06.136,86518.0,86561.0,85957.0,86318.0,976.2813
2025-11-23 06:48:06.136,86319.0,86466.0,85830.0,85830.0,783.2526
2025-11-23 07:48:06.136,85831.0,85875.0,85357.0,85752.0,887.73245
2025-11-23 08:48:06.136,85747.0,86171.0,85741.0,86116.0,844.33147
2025-11-23 09:48:06.136,86116.0,86439.0,86047.0,86368.0,526.52424
2025-11-23 10:48:06.136,86368.0,86420.0,86019.0,86030.0,482.75346
2025-11-23 11:48:06.136,86030.0,86394.0,85798.0,86284.0,587.56185
2025-11-23 12:48:06.136,86284.0,86859.0,86230.0,86501.0,1501.45579
2025-11-23 13:48:06.136,86501.0,86917.0,86289.0,86917.0,1497.43808
2025-11-23 14:48:06.136,86918.0,87197.0,86467.0,86530.0,1717.0157
2025-11-23 15:48:06.136,86530.0,87200.0,86422.0,87060.0,1062.33024
2025-11-23 16:48:06.136,87061.0,87502.0,86603.0,86626.0,2678.63092
2025-11-23 17:48:06.136,86626.0,86922.0,86451.0,86700.0,2063.98337
2025-11-23 18:48:06.136,86701.0,87217.0,86669.0,86939.0,2055.15007
2025-11-23 19:48:06.136,86939.0,87643.0,86892.0,87289.0,1854.81987
2025-11-23 20:48:06.136,87290.0,87652.0,87199.0,87430.0,888.78288
2025-11-23 21:48:06.136,87430.0,87979.0,87127.0,87969.0,1838.13923
2025-11-23 22:48:06.136,87969.0,88130.0,87527.0,87967.0,2707.40504
2025-11-23 23:48:06.136,87968.0,88049.0,86712.0,86807.0,2749.47742
2025-11-24 00:48:06.136,86807.0,87198.0,85881.0,86705.0,3724.70232
2025-11-24 01:48:06.136,86705.0,87058.0,86359.0,87041.0,1358.41573
2025-11-24 02:48:06.136,87041.0,88000.0,86998.0,87472.0,2258.62157
2025-11-24 03:48:06.136,87472.0,87739.0,87140.0,87401.0,1933.67877
2025-11-24 04:48:06.136,87405.0,87544.0,86382.0,86685.0,2187.7121
2025-11-24 05:48:06.136,86685.0,87795.0,86629.0,87426.0,1575.6428
2025-11-24 06:48:06.136,87425.0,87471.0,86747.0,86858.0,1242.04381
2025-11-24 07:48:06.136,86858.0,87300.0,86638.0,86996.0,995.93774
2025-11-24 08:48:06.136,86995.0,86996.0,86656.0,86915.0,799.73675
2025-11-24 09:48:06.136,86914.0,86914.0,85776.0,85896.0,1958.25514
2025-11-24 10:48:06.136,85897.0,86152.0,85672.0,86027.0,1827.60905
2025-11-24 11:48:06.136,86027.0,86429.0,85823.0,86255.0,1413.7372
2025-11-24 12:48:06.136,86254.0,86296.0,85861.0,85988.0,1110.16662
2025-11-24 13:48:06.136,85986.0,86561.0,85940.0,86126.0,1525.13589
2025-11-24 14:48:06.136,86127.0,86667.0,85231.0,86085.0,4582.72051
2025-11-24 15:48:06.136,86085.0,86708.0,85865.0,86621.0,3734.82332
2025-11-24 16:48:06.136,86622.0,87699.0,86621.0,87127.0,5261.82317
2025-11-24 17:48:06.136,87127.0,88408.0,86902.0,88307.0,2677.36354
2025-11-24 18:48:06.136,88308.0,88676.0,88140.0,88673.0,2964.22759
2025-11-24 19:48:06.136,88672.0,88796.0,88081.0,88291.0,2216.04039
2025-11-24 20:48:06.136,88290.0,89165.0,88290.0,89026.0,2825.16825
2025-11-24 21:48:06.136,89022.0,89071.0,88656.0,88715.0,1751.09686
2025-11-24 22:48:06.136,88713.0,89048.0,88519.0,88565.0,1240.38759
2025-11-24 23:48:06.136,88564.0,88638.0,88189.0,88232.0,619.4284
2025-11-25 00:48:06.136,88233.0,88234.0,87823.0,88051.0,902.18582
2025-11-25 01:48:06.136,88053.0,88142.0,87655.0,87676.0,882.50078
2025-11-25 02:48:06.136,87676.0,87901.0,87416.0,87862.0,1095.12511
2025-11-25 03:48:06.136,87862.0,87990.0,87496.0,87767.0,918.07849
2025-11-25 04:48:06.136,87768.0,88473.0,87746.0,88299.0,768.75062
2025-11-25 05:48:06.136,88300.0,88300.0,87877.0,88049.0,1347.63595
2025-11-25 06:48:06.136,88049.0,88089.0,87728.0,87950.0,1289.18267
2025-11-25 07:48:06.136,87951.0,87989.0,87291.0,87346.0,709.73265
2025-11-25 08:48:06.136,87346.0,87561.0,86934.0,86959.0,1036.81101
2025-11-25 09:48:06.136,86958.0,87233.0,86637.0,87201.0,1707.1186
2025-11-25 10:48:06.136,87202.0,87385.0,86909.0,87364.0,444.81706
2025-11-25 11:48:06.136,87365.0,87507.0,87271.0,87313.0,699.14823
2025-11-25 12:48:06.136,87314.0,87721.0,87314.0,87476.0,602.87251
2025-11-25 13:48:06.136,87476.0,87680.0,86801.0,87030.0,2188.22336
2025-11-25 14:48:06.136,87031.0,87269.0,86050.0,86708.0,3074.26087
2025-11-25 15:48:06.136,86707.0,87276.0,86147.0,86944.0,2913.72881
2025-11-25 16:48:06.136,86945.0,87258.0,86675.0,87093.0,2306.31406
2025-11-25 17:48:06.136,87092.0,88127.0,87016.0,87592.0,2353.01523
2025-11-25 18:48:06.136,87591.0,87809.0,87185.0,87199.0,1631.84167
2025-11-25 19:48:06.136,87198.0,87301.0,86129.0,86854.0,3498.33195
2025-11-25 20:48:06.136,86855.0,87436.0,86668.0,87377.0,2453.00061
2025-11-25 21:48:06.136,87374.0,87415.0,86931.0,86984.0,2010.57577
2025-11-25 22:48:06.136,86979.0,87668.0,86525.0,87593.0,3532.15927
2025-11-25 23:48:06.136,87592.0,87857.0,87280.0,87332.0,1710.79576
2025-11-26 00:48:06.136,87331.0,87743.0,87322.0,87544.0,1804.02553
2025-11-26 01:48:06.136,87544.0,88232.0,87318.0,87891.0,1666.03954
2025-11-26 02:48:06.136,87891.0,88069.0,87631.0,87684.0,938.21553
2025-11-26 03:48:06.136,87678.0,87857.0,87029.0,87079.0,1456.95369
2025-11-26 04:48:06.136,87080.0,87331.0,86847.0,87197.0,1031.58463
2025-11-26 05:48:06.136,87196.0,87708.0,87183.0,87486.0,967.74601
2025-11-26 06:48:06.136,87486.0,87875.0,87408.0,87781.0,694.2058
2025-11-26 07:48:06.136,87781.0,87943.0,87667.0,87914.0,647.39746
2025-11-26 08:48:06.136,87908.0,87914.0,87378.0,87379.0,597.76971
2025-11-26 09:48:06.136,87379.0,87405.0,86718.0,86798.0,920.751
2025-11-26 10:48:06.136,86798.0,87027.0,86622.0,86923.0,927.29805
2025-11-26 11:48:06.136,86923.0,87068.0,86816.0,87057.0,262.20929
2025-11-26 12:48:06.136,87056.0,87142.0,86207.0,86615.0,1495.83386
2025-11-26 13:48:06.136,86614.0,87116.0,86527.0,87101.0,2071.75545
2025-11-26 14:48:06.136,87102.0,87636.0,86765.0,86842.0,2473.8234
2025-11-26 15:48:06.136,86845.0,87319.0,86653.0,86936.0,1405.76491
2025-11-26 16:48:06.136,86935.0,87899.0,86930.0,87778.0,2646.12361
2025-11-26 17:48:06.136,87780.0,89900.0,87669.0,89773.0,5169.97634
2025-11-26 18:48:06.136,89774.0,90371.0,89605.0,90099.0,3838.71996
2025-11-26 19:48:06.136,90099.0,90153.0,89688.0,89916.0,1230.44092
2025-11-26 20:48:06.136,89917.0,90083.0,89453.0,89808.0,1604.42955
2025-11-26 21:48:06.136,89809.0,90421.0,89755.0,90133.0,1135.89173
2025-11-26 22:48:06.136,90133.0,90602.0,90064.0,90341.0,806.19083
2025-11-26 23:48:06.136,90337.0,90560.0,90252.0,90420.0,565.0333
2025-11-27 00:48:06.136,90421.0,90541.0,90026.0,90419.0,763.75516
2025-11-27 01:48:06.136,90420.0,91210.0,90330.0,91087.0,1081.59562
2025-11-27 02:48:06.136,91086.0,91852.0,90832.0,91330.0,3219.81949
2025-11-27 03:48:06.136,91331.0,91572.0,91004.0,91049.0,908.9429
2025-11-27 04:48:06.136,91049.0,91316.0,91008.0,91239.0,875.39349
2025-11-27 05:48:06.136,91240.0,91524.0,90845.0,90922.0,2137.76625
2025-11-27 06:48:06.136,90923.0,91412.0,90922.0,91200.0,816.73687
2025-11-27 07:48:06.136,91200.0,91469.0,91100.0,91370.0,324.57399
2025-11-27 08:48:06.136,91371.0,91482.0,91181.0,91448.0,567.2298
2025-11-27 09:48:06.136,91449.0,91911.0,91437.0,91524.0,1030.39956
2025-11-27 10:48:06.136,91526.0,91700.0,91303.0,91570.0,1092.54131
2025-11-27 11:48:06.136,91571.0,91571.0,91255.0,91331.0,592.76783
2025-11-27 12:48:06.136,91331.0,91414.0,90901.0,90930.0,1070.70028
2025-11-27 13:48:06.136,90930.0,91031.0,90409.0,90805.0,1581.29601
2025-11-27 14:48:06.136,90806.0,90937.0,90525.0,90749.0,1239.99908
2025-11-27 15:48:06.136,90745.0,90937.0,90600.0,90916.0,1323.02369
2025-11-27 16:48:06.136,90916.0,91515.0,90810.0,91440.0,1368.96355
2025-11-27 17:48:06.136,91440.0,91606.0,91285.0,91454.0,1472.88926
2025-11-27 18:48:06.136,91454.0,91822.0,91321.0,91755.0,1088.67541
2025-11-27 19:48:06.136,91756.0,91756.0,91469.0,91489.0,780.33215
2025-11-27 20:48:06.136,91489.0,91560.0,91351.0,91391.0,474.70561
2025-11-27 21:48:06.136,91392.0,91560.0,91182.0,91352.0,684.46709
2025-11-27 22:48:06.136,91352.0,91569.0,91064.0,91293.0,1097.31242
2025-11-27 23:48:06.136,91291.0,91538.0,91173.0,91310.0,888.5729
2025-11-28 00:48:06.136,91310.0,91388.0,91027.0,91156.0,489.95952
2025-11-28 01:48:06.136,91156.0,91158.0,90751.0,90753.0,719.64967
2025-11-28 02:48:06.136,90754.0,91099.0,90611.0,91042.0,770.22929
2025-11-28 03:48:06.136,91043.0,91265.0,90958.0,91161.0,431.23807
2025-11-28 04:48:06.136,91162.0,91454.0,91092.0,91399.0,429.0817
2025-11-28 05:48:06.136,91396.0,91700.0,91276.0,91605.0,1100.54559
2025-11-28 06:48:06.136,91605.0,91606.0,91154.0,91304.0,1317.22539
2025-11-28 07:48:06.136,91303.0,91560.0,90842.0,90893.0,1050.40088
2025-11-28 08:48:06.136,90893.0,91686.0,90879.0,91654.0,888.17274
2025-11-28 09:48:06.136,91650.0,91830.0,91419.0,91582.0,407.08557
2025-11-28 10:48:06.136,91582.0,91844.0,91458.0,91824.0,518.1521
2025-11-28 11:48:06.136,91824.0,92019.0,91048.0,91418.0,1457.78524
2025-11-28 12:48:06.136,91418.0,91692.0,91387.0,91489.0,727.24722
2025-11-28 13:48:06.136,91490.0,92650.0,91362.0,92347.0,2190.99388
2025-11-28 14:48:06.136,92348.0,93089.0,91812.0,92231.0,3930.3154
2025-11-28 15:48:06.136,92232.0,92762.0,91922.0,92312.0,2311.90693
2025-11-28 16:48:06.136,92311.0,92332.0,90823.0,90882.0,3640.2301
2025-11-28 17:48:06.136,90882.0,91130.0,90147.0,90532.0,3794.74664
2025-11-28 18:48:06.136,90531.0,90924.0,90378.0,90789.0,1229.9008
2025-11-28 19:48:06.136,90785.0,91160.0,90756.0,91103.0,756.07086
2025-11-28 20:48:06.136,91103.0,91175.0,90813.0,91146.0,660.35046
2025-11-28 21:48:06.136,91146.0,91195.0,90819.0,90820.0,469.64128
2025-11-28 22:48:06.136,90821.0,91117.0,90654.0,91086.0,893.97587
2025-11-28 23:48:06.136,91073.0,91146.0,90823.0,90842.0,759.47967
2025-11-29 00:48:06.136,90842.0,90931.0,90716.0,90832.0,606.36778
2025-11-29 01:48:06.136,90831.0,91064.0,90740.0,90827.0,613.27424
2025-11-29 02:48:06.136,90828.0,90879.0,90490.0,90761.0,707.67119
2025-11-29 03:48:06.136,90761.0,90825.0,90625.0,90636.0,170.44931
2025-11-29 04:48:06.136,90637.0,90874.0,90509.0,90863.0,332.39864
2025-11-29 05:48:06.136,90864.0,90889.0,90675.0,90709.0,257.16013
2025-11-29 06:48:06.136,90709.0,90791.0,90251.0,90526.0,1116.82199
2025-11-29 07:48:06.136,90527.0,90630.0,90319.0,90523.0,659.0623
2025-11-29 08:48:06.136,90523.0,90684.0,90425.0,90578.0,288.90103
2025-11-29 09:48:06.136,90579.0,90629.0,90457.0,90513.0,181.85716
2025-11-29 10:48:06.136,90513.0,90597.0,90329.0,90506.0,481.85712
2025-11-29 11:48:06.136,90506.0,90643.0,90405.0,90633.0,321.63848
2025-11-29 12:48:06.136,90633.0,90779.0,90478.0,90580.0,513.57223
2025-11-29 13:48:06.136,90579.0,90773.0,90546.0,90739.0,466.18654
2025-11-29 14:48:06.136,90739.0,90740.0,90577.0,90578.0,286.22356
2025-11-29 15:48:06.136,90578.0,91071.0,90578.0,91024.0,620.65471
2025-11-29 16:48:06.136,91024.0,91140.0,90819.0,90969.0,656.93242
2025-11-29 17:48:06.136,90969.0,90986.0,90376.0,90377.0,1009.55165
2025-11-29 18:48:06.136,90377.0,90688.0,90091.0,90653.0,1172.60623
2025-11-29 19:48:06.136,90653.0,90811.0,90549.0,90608.0,381.94616
2025-11-29 20:48:06.136,90608.0,90998.0,90365.0,90918.0,681.18737
2025-11-29 21:48:06.136,90918.0,91026.0,90779.0,90970.0,445.91705
2025-11-29 22:48:06.136,90971.0,90971.0,90667.0,90712.0,238.66879
2025-11-29 23:48:06.136,90713.0,90852.0,90650.0,90768.0,189.73602
2025-11-30 00:48:06.136,90769.0,90921.0,90722.0,90855.0,156.63299
2025-11-30 01:48:06.136,90855.0,91021.0,90823.0,90870.0,260.56576
2025-11-30 02:48:06.136,90870.0,91002.0,90700.0,90734.0,394.32618
2025-11-30 03:48:06.136,90735.0,90891.0,90430.0,90872.0,604.0959
2025-11-30 04:48:06.136,90871.0,90950.0,90752.0,90821.0,153.83884
2025-11-30 05:48:06.136,90820.0,90820.0,90621.0,90754.0,320.98564
2025-11-30 06:48:06.136,90755.0,90907.0,90681.0,90850.0,140.48311
2025-11-30 07:48:06.136,90849.0,91000.0,90815.0,90930.0,231.36329
2025-11-30 08:48:06.136,90930.0,91379.0,90897.0,91130.0,613.78075
2025-11-30 09:48:06.136,91129.0,91578.0,91087.0,91369.0,662.88279
2025-11-30 10:48:06.136,91368.0,91430.0,91153.0,91177.0,417.48331
2025-11-30 11:48:06.136,91177.0,91355.0,90949.0,91003.0,371.5815
2025-11-30 12:48:06.136,91003.0,91477.0,90959.0,91427.0,275.07412
2025-11-30 13:48:06.136,91428.0,91923.0,91362.0,91717.0,756.58862
2025-11-30 14:48:06.136,91718.0,91738.0,91214.0,91460.0,704.95896
2025-11-30 15:48:06.136,91459.0,91580.0,91282.0,91400.0,470.261
2025-11-30 16:48:06.136,91399.0,91820.0,91362.0,91790.0,766.29793
2025-11-30 17:48:06.136,91791.0,91791.0,91270.0,91452.0,588.03667
2025-11-30 18:48:06.136,91453.0,91453.0,91109.0,91417.0,263.90737
2025-11-30 19:48:06.136,91418.0,91462.0,91252.0,91419.0,191.7992
2025-11-30 20:48:06.136,91419.0,91591.0,91138.0,91273.0,453.12154
2025-11-30 21:48:06.136,91273.0,91285.0,90849.0,91135.0,869.12323
2025-11-30 22:48:06.136,91135.0,91313.0,91003.0,91182.0,530.74268
2025-11-30 23:48:06.136,91183.0,91208.0,90293.0,90326.0,1791.22957
2025-12-01 00:48:06.136,90325.0,90376.0,86931.0,86958.0,9676.52128
2025-12-01 01:48:06.136,86958.0,87715.0,86900.0,87117.0,3190.40106
2025-12-01 02:48:06.136,87117.0,87466.0,86424.0,86678.0,3572.66563
2025-12-01 03:48:06.136,86679.0,86770.0,86135.0,86314.0,1887.00782
2025-12-01 04:48:06.136,86314.0,86326.0,85660.0,85763.0,2213.8983
2025-12-01 05:48:06.136,85763.0,85983.0,85576.0,85974.0,1476.52427
2025-12-01 06:48:06.136,85974.0,86333.0,85944.0,86210.0,1565.33984
2025-12-01 07:48:06.136,86209.0,86540.0,86017.0,86516.0,861.30329
2025-12-01 08:48:06.136,86516.0,86856.0,86348.0,86828.0,840.55013
2025-12-01 09:48:06.136,86827.0,86890.0,86472.0,86666.0,1015.47178
2025-12-01 10:48:06.136,86666.0,86780.0,86513.0,86606.0,724.94778
2025-12-01 11:48:06.136,86606.0,86675.0,86088.0,86097.0,830.71059
2025-12-01 12:48:06.136,86097.0,86195.0,84700.0,85390.0,5381.38478
2025-12-01 13:48:06.136,85389.0,86105.0,85309.0,85955.0,3148.00753
2025-12-01 14:48:06.136,85955.0,86652.0,85825.0,86019.0,2865.82083
2025-12-01 15:48:06.136,86018.0,86085.0,83769.0,84645.0,8116.31271
2025-12-01 16:48:06.136,84645.0,85406.0,84000.0,84503.0,4501.54878
2025-12-01 17:48:06.136,84503.0,85230.0,84397.0,84894.0,2596.57231
2025-12-01 18:48:06.136,84894.0,85509.0,84680.0,85164.0,2636.12887
2025-12-01 19:48:06.136,85163.0,85267.0,84556.0,84990.0,1769.38229
2025-12-01 20:48:06.136,84989.0,85790.0,84975.0,85473.0,2220.6831
2025-12-01 21:48:06.136,85474.0,86440.0,85460.0,86394.0,3367.46825
2025-12-01 22:48:06.136,86392.0,86811.0,86242.0,86521.0,2398.99646
2025-12-01 23:48:06.136,86521.0,86777.0,86178.0,86216.0,1286.96924
2025-12-02 00:48:06.136,86218.0,86626.0,86123.0,86465.0,950.97265
2025-12-02 01:48:06.136,86465.0,87295.0,86331.0,86396.0,1410.26546
2025-12-02 02:48:06.136,86396.0,86811.0,86204.0,86486.0,1077.09985
2025-12-02 03:48:06.136,86483.0,87055.0,86147.0,86928.0,1345.86185
2025-12-02 04:48:06.136,86930.0,87228.0,86843.0,86922.0,1042.20328
2025-12-02 05:48:06.136,86922.0,87079.0,86765.0,86963.0,490.09549
2025-12-02 06:48:06.136,86963.0,87139.0,86811.0,87050.0,719.05959
2025-12-02 07:48:06.136,87051.0,87070.0,86827.0,86959.0,612.06072
2025-12-02 08:48:06.136,86960.0,86996.0,86318.0,86398.0,1769.11645
2025-12-02 09:48:06.136,86399.0,86952.0,86399.0,86717.0,950.14541
2025-12-02 10:48:06.136,86718.0,87562.0,86711.0,87234.0,847.94421
2025-12-02 11:48:06.136,87237.0,87550.0,86944.0,87325.0,741.08978
2025-12-02 12:48:06.136,87325.0,87519.0,87170.0,87223.0,757.36522
2025-12-02 13:48:06.136,87223.0,87841.0,87005.0,87688.0,1238.94771
2025-12-02 14:48:06.136,87687.0,89228.0,87556.0,89226.0,4592.15212
2025-12-02 15:48:06.136,89225.0,91132.0,89224.0,90800.0,8454.12558
2025-12-02 16:48:06.136,90800.0,91240.0,90165.0,90699.0,4120.95055
2025-12-02 17:48:06.136,90699.0,91963.0,90685.0,91391.0,3724.13647
2025-12-02 18:48:06.136,91390.0,92191.0,91322.0,91893.0,2721.6973
2025-12-02 19:48:06.136,91894.0,92217.0,91789.0,91842.0,2751.60028
2025-12-02 20:48:06.136,91841.0,91874.0,90667.0,90966.0,2686.02671
2025-12-02 21:48:06.136,90969.0,91579.0,90918.0,91502.0,1465.3219
2025-12-02 22:48:06.136,91502.0,91956.0,91448.0,91935.0,1208.29783
2025-12-02 23:48:06.136,91935.0,91935.0,91228.0,91237.0,1032.90711
2025-12-03 00:48:06.136,91237.0,91703.0,90945.0,91607.0,1113.0422
2025-12-03 01:48:06.136,91607.0,92400.0,91412.0,92203.0,1421.33639
2025-12-03 02:48:06.136,92204.0,93027.0,92115.0,92793.0,3095.28457
2025-12-03 03:48:06.136,92794.0,93051.0,92573.0,92594.0,796.55448
2025-12-03 04:48:06.136,92594.0,93426.0,92591.0,93318.0,2024.09489
2025-12-03 05:48:06.136,93318.0,93639.0,93100.0,93617.0,1634.50662
2025-12-03 06:48:06.136,93617.0,93935.0,93133.0,93400.0,1694.81963
2025-12-03 07:48:06.136,93400.0,93431.0,92833.0,92973.0,1328.80165
2025-12-03 08:48:06.136,92974.0,93157.0,92648.0,92730.0,950.68883
2025-12-03 09:48:06.136,92729.0,93175.0,92673.0,93145.0,1245.16074
2025-12-03 10:48:06.136,93145.0,93344.0,92811.0,92886.0,1818.0073
2025-12-03 11:48:06.136,92887.0,92999.0,92610.0,92961.0,841.91235
2025-12-03 12:48:06.136,92961.0,93046.0,92650.0,92894.0,606.6631
2025-12-03 13:48:06.136,92893.0,93199.0,92841.0,93077.0,678.58149
2025-12-03 14:48:06.136,93079.0,93642.0,91631.0,92316.0,6863.336
2025-12-03 15:48:06.136,92329.0,92937.0,91900.0,92338.0,2400.4686
2025-12-03 16:48:06.136,92338.0,92721.0,91772.0,92216.0,2519.68806
2025-12-03 17:48:06.136,92216.0,93019.0,92168.0,92931.0,1155.90456
2025-12-03 18:48:06.136,92931.0,93486.0,92350.0,92593.0,1796.10054
2025-12-03 19:48:06.136,92593.0,93067.0,92507.0,92990.0,757.62605
2025-12-03 20:48:06.136,92994.0,93350.0,92800.0,92934.0,1058.19437
2025-12-03 21:48:06.136,92936.0,93726.0,92820.0,93655.0,1081.73093
2025-12-03 22:48:06.136,93655.0,94140.0,93266.0,93748.0,1333.44686
2025-12-03 23:48:06.136,93749.0,94069.0,93351.0,93395.0,1181.89191
2025-12-04 00:48:06.136,93395.0,93439.0,92631.0,93022.0,2536.87639
2025-12-04 01:48:06.136,93022.0,93712.0,92950.0,93137.0,1052.01617
2025-12-04 02:48:06.136,93138.0,94018.0,93065.0,93888.0,1731.46779
2025-12-04 03:48:06.136,93889.0,94031.0,93361.0,93498.0,862.71576
2025-12-04 04:48:06.136,93498.0,93542.0,93170.0,93314.0,663.55297
2025-12-04 05:48:06.136,93315.0,93334.0,92730.0,92924.0,1230.2663
2025-12-04 06:48:06.136,92924.0,93327.0,92800.0,93100.0,665.3996
2025-12-04 07:48:06.136,93100.0,93379.0,92832.0,93345.0,607.41995
2025-12-04 08:48:06.136,93346.0,93563.0,93008.0,93233.0,895.64652
2025-12-04 09:48:06.136,93223.0,93581.0,93200.0,93404.0,550.76572
2025-12-04 10:48:06.136,93404.0,93500.0,93133.0,93215.0,569.46452
2025-12-04 11:48:06.136,93214.0,93271.0,92700.0,92898.0,541.27963
2025-12-04 12:48:06.136,92899.0,93144.0,92726.0,92947.0,684.5244
2025-12-04 13:48:06.136,92951.0,93005.0,92387.0,92476.0,1448.71931
2025-12-04 14:48:06.136,92477.0,92780.0,91761.0,91867.0,1951.6718
2025-12-04 15:48:06.136,91867.0,93236.0,91866.0,92940.0,3177.2948
2025-12-04 16:48:06.136,92939.0,93130.0,92222.0,92384.0,1589.9975
2025-12-04 17:48:06.136,92385.0,92513.0,91702.0,92393.0,1801.98359
2025-12-04 18:48:06.136,92393.0,92503.0,91899.0,92087.0,1398.96535
2025-12-04 19:48:06.136,92086.0,92123.0,90806.0,91927.0,3571.23966
2025-12-04 20:48:06.136,91933.0,92496.0,91634.0,92459.0,1420.87532
2025-12-04 21:48:06.136,92457.0,92683.0,92041.0,92113.0,763.90525
2025-12-04 22:48:06.136,92114.0,92461.0,92106.0,92304.0,489.81965
2025-12-04 23:48:06.136,92304.0,92410.0,92034.0,92034.0,547.73583
2025-12-05 00:48:06.136,92034.0,92439.0,92027.0,92253.0,645.33757
2025-12-05 01:48:06.136,92253.0,92562.0,92181.0,92315.0,447.12445
2025-12-05 02:48:06.136,92315.0,92660.0,92209.0,92490.0,940.80404
2025-12-05 03:48:06.136,92491.0,92632.0,91956.0,92143.0,890.32741
2025-12-05 04:48:06.136,92144.0,92368.0,91780.0,91991.0,771.35141
2025-12-05 05:48:06.136,91992.0,92173.0,91828.0,91904.0,470.36844
2025-12-05 06:48:06.136,91903.0,92250.0,91880.0,92237.0,481.59741
2025-12-05 07:48:06.136,92238.0,92464.0,92156.0,92205.0,381.80723
2025-12-05 08:48:06.136,92206.0,92223.0,91871.0,92081.0,494.44922
2025-12-05 09:48:06.136,92082.0,92082.0,90940.0,91091.0,1446.75408
2025-12-05 10:48:06.136,91090.0,91451.0,91048.0,91241.0,632.44609
2025-12-05 11:48:06.136,91241.0,91520.0,91075.0,91298.0,906.93529
2025-12-05 12:48:06.136,91298.0,91388.0,91033.0,91196.0,456.61969
2025-12-05 13:48:06.136,91197.0,91320.0,90215.0,90419.0,2641.43267
2025-12-05 14:48:06.136,90419.0,90690.0,89868.0,90260.0,3992.69094
2025-12-05 15:48:06.136,90260.0,91440.0,90216.0,90406.0,3674.07812
2025-12-05 16:48:06.136,90406.0,90455.0,88032.0,88759.0,7686.67138
2025-12-05 17:48:06.136,88760.0,89422.0,88581.0,89289.0,3191.98244
2025-12-05 18:48:06.136,89290.0,89771.0,88858.0,88899.0,2506.34298
2025-12-05 19:48:06.136,88898.0,89767.0,88772.0,89586.0,1913.03028
2025-12-05 20:48:06.136,89587.0,89706.0,89140.0,89272.0,1535.67907
2025-12-05 21:48:06.136,89268.0,89422.0,89030.0,89117.0,945.13002
2025-12-05 22:48:06.136,89119.0,89326.0,88844.0,89194.0,832.83542
2025-12-05 23:48:06.136,89194.0,89341.0,88873.0,89294.0,861.69884
2025-12-06 00:48:06.136,89294.0,89434.0,89001.0,89383.0,546.54526
2025-12-06 01:48:06.136,89383.0,89478.0,89174.0,89280.0,467.77148
2025-12-06 02:48:06.136,89281.0,89366.0,89129.0,89354.0,299.05152
2025-12-06 03:48:06.136,89354.0,89769.0,89346.0,89634.0,643.30226
2025-12-06 04:48:06.136,89634.0,89666.0,89489.0,89623.0,156.10316
2025-12-06 05:48:06.136,89623.0,89698.0,89500.0,89565.0,164.06653
2025-12-06 06:48:06.136,89565.0,89724.0,89479.0,89638.0,207.74743
2025-12-06 07:48:06.136,89638.0,89669.0,89422.0,89546.0,230.93339
2025-12-06 08:48:06.136,89546.0,89586.0,89171.0,89237.0,433.03606
2025-12-06 09:48:06.136,89237.0,89635.0,89222.0,89528.0,244.81718
2025-12-06 10:48:06.136,89528.0,89641.0,89406.0,89471.0,570.05489
2025-12-06 11:48:06.136,89471.0,89678.0,89461.0,89581.0,317.17124
2025-12-06 12:48:06.136,89582.0,89601.0,89516.0,89535.0,153.07346
2025-12-06 13:48:06.136,89535.0,89737.0,89535.0,89617.0,467.42432
2025-12-06 14:48:06.136,89618.0,90249.0,89602.0,89946.0,1426.72847
2025-12-06 15:48:06.136,89947.0,89999.0,89451.0,89712.0,957.43824
2025-12-06 16:48:06.136,89712.0,89942.0,89623.0,89665.0,533.73564
2025-12-06 17:48:06.136,89664.0,89809.0,89562.0,89665.0,576.95108
2025-12-06 18:48:06.136,89665.0,89750.0,89460.0,89597.0,430.65943
2025-12-06 19:48:06.136,89597.0,89699.0,89229.0,89359.0,1055.66164
2025-12-06 20:48:06.136,89359.0,89521.0,89285.0,89500.0,212.41927
2025-12-06 21:48:06.136,89499.0,89577.0,89340.0,89359.0,521.14137
2025-12-06 22:48:06.136,89359.0,89485.0,89199.0,89235.0,662.53526
2025-12-06 23:48:06.136,89235.0,89279.0,88848.0,89181.0,1383.49496
2025-12-07 00:48:06.136,89182.0,89509.0,89128.0,89330.0,481.31744
2025-12-07 01:48:06.136,89330.0,89540.0,89235.0,89236.0,397.04809
2025-12-07 02:48:06.136,89235.0,89652.0,89235.0,89586.0,521.87263
2025-12-07 03:48:06.136,89578.0,89699.0,89505.0,89669.0,251.20453
2025-12-07 04:48:06.136,89669.0,89749.0,89445.0,89485.0,239.70451
2025-12-07 05:48:06.136,89487.0,89513.0,89369.0,89467.0,207.446
2025-12-07 06:48:06.136,89466.0,89659.0,89450.0,89658.0,239.46924
2025-12-07 07:48:06.136,89660.0,89690.0,89140.0,89335.0,499.09882
2025-12-07 08:48:06.136,89336.0,89497.0,89153.0,89269.0,652.8583
2025-12-07 09:48:06.136,89268.0,89358.0,88996.0,89062.0,417.89792
2025-12-07 10:48:06.136,89061.0,89347.0,89055.0,89180.0,521.24965
2025-12-07 11:48:06.136,89180.0,89222.0,89090.0,89091.0,477.69089
2025-12-07 12:48:06.136,89091.0,89544.0,89062.0,89428.0,1003.14218
2025-12-07 13:48:06.136,89429.0,89452.0,88543.0,88971.0,2371.53558
2025-12-07 14:48:06.136,88971.0,89052.0,87666.0,88192.0,3222.23649
2025-12-07 15:48:06.136,88192.0,89686.0,88119.0,89508.0,2884.94689
2025-12-07 16:48:06.136,89507.0,89869.0,89059.0,89859.0,1835.44267
2025-12-07 17:48:06.136,89859.0,91266.0,89557.0,90906.0,3738.64392
2025-12-07 18:48:06.136,90907.0,91721.0,90906.0,91306.0,2089.52222
2025-12-07 19:48:06.136,91305.0,91496.0,91155.0,91372.0,1538.23217
2025-12-07 20:48:06.136,91372.0,91475.0,91259.0,91390.0,886.5869
2025-12-07 21:48:06.136,91387.0,91387.0,89803.0,90187.0,3234.21746
2025-12-07 22:48:06.136,90186.0,90222.0,88893.0,89558.0,4280.97369
2025-12-07 23:48:06.136,89557.0,90455.0,89465.0,90344.0,1102.21361
2025-12-08 00:48:06.136,90345.0,90569.0,89794.0,90311.0,863.52047
2025-12-08 01:48:06.136,90310.0,91636.0,90274.0,90851.0,2375.59819
2025-12-08 02:48:06.136,90854.0,91394.0,90761.0,91309.0,1175.39924
2025-12-08 03:48:06.136,91310.0,91361.0,90941.0,91025.0,597.84604
2025-12-08 04:48:06.136,91025.0,91440.0,90969.0,91227.0,464.85361
2025-12-08 05:48:06.136,91228.0,91396.0,91000.0,91282.0,488.1673
2025-12-08 06:48:06.136,91281.0,91617.0,91207.0,91401.0,521.06331
2025-12-08 07:48:06.136,91401.0,91829.0,91326.0,91513.0,715.57855
2025-12-08 08:48:06.136,91513.0,91879.0,91434.0,91789.0,795.93459
2025-12-08 09:48:06.136,91789.0,92256.0,91751.0,91881.0,1556.1413
2025-12-08 10:48:06.136,91881.0,92187.0,91766.0,92089.0,653.88578
2025-12-08 11:48:06.136,92089.0,92146.0,91811.0,91926.0,880.25839
2025-12-08 12:48:06.136,91926.0,91951.0,91614.0,91722.0,679.36115
2025-12-08 13:48:06.136,91723.0,92080.0,91220.0,91417.0,1229.19751
2025-12-08 14:48:06.136,91417.0,91759.0,90714.0,90815.0,3019.83392
2025-12-08 15:48:06.136,90815.0,90950.0,89565.0,89918.0,4271.03883
2025-12-08 16:48:06.136,89918.0,90449.0,89644.0,89932.0,1838.97336
2025-12-08 17:48:06.136,89932.0,90289.0,89619.0,90215.0,1796.31437
2025-12-08 18:48:06.136,90216.0,90478.0,89681.0,89886.0,1460.46384
2025-12-08 19:48:06.136,89871.0,90325.0,89812.0,90071.0,1280.81297
2025-12-08 20:48:06.136,90072.0,90867.0,90072.0,90742.0,1852.2218
2025-12-08 21:48:06.136,90749.0,91336.0,90631.0,91273.0,1497.45388
2025-12-08 22:48:06.136,91273.0,91338.0,90650.0,90773.0,1462.38425
2025-12-08 23:48:06.136,90774.0,90960.0,90441.0,90594.0,1161.57922
2025-12-09 00:48:06.136,90594.0,90799.0,90304.0,90347.0,733.43636
2025-12-09 01:48:06.136,90347.0,90519.0,89912.0,90009.0,881.05548
2025-12-09 02:48:06.136,90010.0,90331.0,89933.0,90009.0,594.66624
2025-12-09 03:48:06.136,90008.0,90395.0,89754.0,90356.0,1097.72799
2025-12-09 04:48:06.136,90357.0,90461.0,89677.0,89873.0,1015.85068
2025-12-09 05:48:06.136,89873.0,90163.0,89500.0,89836.0,1041.44
2025-12-09 06:48:06.136,89837.0,90189.0,89721.0,90122.0,683.82979
2025-12-09 07:48:06.136,90122.0,90487.0,90044.0,90439.0,449.90651
2025-12-09 08:48:06.136,90439.0,90550.0,90333.0,90463.0,573.28558
2025-12-09 09:48:06.136,90452.0,90452.0,90080.0,90082.0,440.64211
2025-12-09 10:48:06.136,90083.0,90296.0,89871.0,90252.0,704.6291
2025-12-09 11:48:06.136,90252.0,90358.0,90100.0,90338.0,460.9125
2025-12-09 12:48:06.136,90340.0,90647.0,90299.0,90544.0,905.81868
2025-12-09 13:48:06.136,90544.0,90827.0,90145.0,90401.0,1740.61156
2025-12-09 14:48:06.136,90401.0,90608.0,89958.0,90320.0,2849.70769
2025-12-09 15:48:06.136,90320.0,92874.0,90254.0,92671.0,6646.33607
2025-12-09 16:48:06.136,92671.0,94443.0,92671.0,94125.0,7310.21838
2025-12-09 17:48:06.136,94126.0,94569.0,93485.0,93858.0,3559.70546
2025-12-09 18:48:06.136,93859.0,94132.0,93610.0,93878.0,1496.64734
2025-12-09 19:48:06.136,93879.0,94172.0,93604.0,93757.0,1910.37447
2025-12-09 20:48:06.136,93757.0,93811.0,92711.0,93059.0,2689.27864
2025-12-09 21:48:06.136,93065.0,93197.0,92199.0,92633.0,2572.54713
2025-12-09 22:48:06.136,92633.0,92991.0,92461.0,92830.0,795.97268
2025-12-09 23:48:06.136,92830.0,92935.0,92499.0,92654.0,1096.21158
2025-12-10 00:48:06.136,92655.0,92740.0,92000.0,92084.0,1715.57706
2025-12-10 01:48:06.136,92085.0,92369.0,91919.0,92280.0,1272.5078
2025-12-10 02:48:06.136,92280.0,92541.0,91972.0,92457.0,755.87193
2025-12-10 03:48:06.136,92458.0,92522.0,92307.0,92381.0,337.68892
2025-12-10 04:48:06.136,92379.0,92627.0,92347.0,92520.0,544.62565
2025-12-10 05:48:06.136,92521.0,92718.0,92501.0,92538.0,937.70852
2025-12-10 06:48:06.136,92538.0,92718.0,92378.0,92675.0,529.76683
2025-12-10 07:48:06.136,92675.0,92779.0,92463.0,92752.0,214.20646
2025-12-10 08:48:06.136,92756.0,92761.0,92517.0,92586.0,335.36914
2025-12-10 09:48:06.136,92585.0,92905.0,92404.0,92887.0,348.54801
2025-12-10 10:48:06.136,92887.0,93220.0,92097.0,92245.0,1493.46276
2025-12-10 11:48:06.136,92245.0,92396.0,91730.0,92085.0,904.58993
2025-12-10 12:48:06.136,92084.0,92174.0,91775.0,91959.0,1261.78631
2025-12-10 13:48:06.136,91956.0,92184.0,91906.0,92051.0,880.61771
2025-12-10 14:48:06.136,92051.0,92067.0,91543.0,91807.0,1353.49528
2025-12-10 15:48:06.136,91806.0,92119.0,91547.0,92027.0,1172.97771
2025-12-10 16:48:06.136,92026.0,92570.0,91856.0,92134.0,1754.64106
2025-12-10 17:48:06.136,92134.0,92489.0,92062.0,92364.0,1338.75333
2025-12-10 18:48:06.136,92364.0,93025.0,91968.0,92456.0,2935.23807
2025-12-10 19:48:06.136,92474.0,93231.0,91612.0,92900.0,8607.80438
2025-12-10 20:48:06.136,92898.0,94444.0,92184.0,92419.0,7711.60499
2025-12-10 21:48:06.136,92425.0,92735.0,91831.0,92317.0,3049.79232
2025-12-10 22:48:06.136,92317.0,92655.0,91915.0,92473.0,2156.51786
2025-12-10 23:48:06.136,92473.0,92540.0,91884.0,91961.0,1053.83672
2025-12-11 00:48:06.136,91961.0,92028.0,91009.0,91350.0,1978.4403
2025-12-11 01:48:06.136,91351.0,91357.0,90602.0,90634.0,2263.44582
2025-12-11 02:48:06.136,90632.0,90632.0,89830.0,90031.0,2675.87492
2025-12-11 03:48:06.136,90032.0,90032.0,89344.0,89860.0,1966.19214
2025-12-11 04:48:06.136,89859.0,90440.0,89662.0,90400.0,1280.44547
2025-12-11 05:48:06.136,90400.0,90400.0,90038.0,90272.0,626.39953
2025-12-11 06:48:06.136,90272.0,90415.0,89929.0,90261.0,662.80177
2025-12-11 07:48:06.136,90260.0,90291.0,90055.0,90236.0,393.35445
2025-12-11 08:48:06.136,90236.0,90249.0,89943.0,90151.0,347.2624
2025-12-11 09:48:06.136,90150.0,90469.0,90109.0,90190.0,399.42315
2025-12-11 10:48:06.136,90190.0,90313.0,90132.0,90287.0,173.64838
2025-12-11 11:48:06.136,90287.0,90380.0,90173.0,90202.0,213.95142
2025-12-11 12:48:06.136,90201.0,90350.0,89980.0,90000.0,359.44133
2025-12-11 13:48:06.136,90000.0,90141.0,89849.0,90069.0,754.51644
2025-12-11 14:48:06.136,90069.0,90448.0,89229.0,89518.0,3469.02492
2025-12-11 15:48:06.136,89517.0,90624.0,89373.0,89849.0,3712.57557
2025-12-11 16:48:06.136,89848.0,90153.0,89289.0,89700.0,2062.52432
2025-12-11 17:48:06.136,89700.0,90228.0,89601.0,89950.0,1051.0283
2025-12-11 18:48:06.136,89949.0,91160.0,89866.0,90672.0,2603.68224
2025-12-11 19:48:06.136,90668.0,91500.0,90554.0,90787.0,3018.25797
2025-12-11 20:48:06.136,90787.0,91798.0,90744.0,91748.0,3731.5299
2025-12-11 21:48:06.136,91749.0,93544.0,91663.0,92836.0,5579.58625
2025-12-11 22:48:06.136,92836.0,93176.0,92064.0,92328.0,2492.73102
2025-12-11 23:48:06.136,92328.0,92771.0,92293.0,92481.0,2016.24772
2025-12-12 00:48:06.136,92482.0,92611.0,91394.0,91540.0,1477.85119
2025-12-12 01:48:06.136,91540.0,92285.0,91490.0,92144.0,927.33805
2025-12-12 02:48:06.136,92144.0,92710.0,91913.0,92560.0,1300.87858
2025-12-12 03:48:06.136,92560.0,92728.0,92145.0,92254.0,769.20479
2025-12-12 04:48:06.136,92254.0,92457.0,92114.0,92375.0,696.9963
2025-12-12 05:48:06.136,92374.0,92489.0,92050.0,92424.0,569.16337
2025-12-12 06:48:06.136,92424.0,92723.0,92383.0,92498.0,1225.49918
2025-12-12 07:48:06.136,92497.0,92552.0,92228.0,92413.0,670.87953
2025-12-12 08:48:06.136,92412.0,92449.0,92082.0,92271.0,628.42621
2025-12-12 09:48:06.136,92271.0,92552.0,92059.0,92502.0,534.53274
2025-12-12 10:48:06.136,92501.0,92614.0,92401.0,92480.0,239.18818
2025-12-12 11:48:06.136,92481.0,92481.0,92268.0,92399.0,354.7723
2025-12-12 12:48:06.136,92399.0,92419.0,92057.0,92410.0,212.6505
2025-12-12 13:48:06.136,92408.0,92490.0,92221.0,92281.0,222.35751
2025-12-12 14:48:06.136,92282.0,92645.0,91890.0,92425.0,1218.78959
2025-12-12 15:48:06.136,92425.0,92425.0,89746.0,89903.0,7456.3268
2025-12-12 16:48:06.136,89898.0,90429.0,89448.0,90019.0,4285.4236
2025-12-12 17:48:06.136,90019.0,90597.0,89784.0,90055.0,1980.95255
2025-12-12 18:48:06.136,90054.0,90629.0,90011.0,90346.0,1015.41356
2025-12-12 19:48:06.136,90345.0,90367.0,89967.0,90156.0,1338.44528
2025-12-12 20:48:06.136,90156.0,90308.0,89837.0,90147.0,1000.20123
2025-12-12 21:48:06.136,90165.0,90300.0,90067.0,90147.0,376.24873
2025-12-12 22:48:06.136,90154.0,90369.0,90149.0,90290.0,278.54907
2025-12-12 23:48:06.136,90291.0,90356.0,90187.0,90228.0,150.87394
2025-12-13 00:48:06.136,90228.0,90397.0,90165.0,90291.0,193.60537
2025-12-13 01:48:06.136,90292.0,90321.0,90076.0,90194.0,300.50596
2025-12-13 02:48:06.136,90195.0,90291.0,90190.0,90200.0,132.68193
2025-12-13 03:48:06.136,90200.0,90427.0,90166.0,90309.0,224.62136
2025-12-13 04:48:06.136,90309.0,90379.0,90237.0,90336.0,176.52206
2025-12-13 05:48:06.136,90336.0,90343.0,90237.0,90303.0,54.1203
2025-12-13 06:48:06.136,90303.0,90330.0,90238.0,90321.0,109.28983
2025-12-13 07:48:06.136,90320.0,90345.0,90291.0,90291.0,71.13872
2025-12-13 08:48:06.136,90291.0,90542.0,90291.0,90433.0,417.98158
2025-12-13 09:48:06.136,90433.0,90488.0,90349.0,90392.0,298.45258
2025-12-13 10:48:06.136,90392.0,90624.0,90387.0,90557.0,298.16343
2025-12-13 11:48:06.136,90557.0,90569.0,90260.0,90311.0,191.75122
2025-12-13 12:48:06.136,90311.0,90446.0,90252.0,90319.0,176.96871
2025-12-13 13:48:06.136,90319.0,90424.0,90171.0,90230.0,159.08337
2025-12-13 14:48:06.136,90229.0,90300.0,89909.0,90052.0,651.26482
2025-12-13 15:48:06.136,90051.0,90262.0,90002.0,90062.0,325.90113
2025-12-13 16:48:06.136,90061.0,90231.0,90008.0,90066.0,173.34396
2025-12-13 17:48:06.136,90067.0,90076.0,89958.0,90025.0,189.76505
2025-12-13 18:48:06.136,90026.0,90146.0,90021.0,90087.0,93.39829
2025-12-13 19:48:06.136,90087.0,90195.0,90079.0,90152.0,71.42194
2025-12-13 20:48:06.136,90152.0,90178.0,90012.0,90060.0,89.86994
2025-12-13 21:48:06.136,90060.0,90161.0,89724.0,90151.0,836.06658
2025-12-13 22:48:06.136,90151.0,90225.0,89974.0,90109.0,208.22799
2025-12-13 23:48:06.136,90109.0,90257.0,90042.0,90222.0,140.71106
2025-12-14 00:48:06.136,90222.0,90443.0,90086.0,90311.0,344.22893
2025-12-14 01:48:06.136,90312.0,90414.0,90175.0,90269.0,325.36889
2025-12-14 02:48:06.136,90269.0,90365.0,90210.0,90262.0,89.18673
2025-12-14 03:48:06.136,90263.0,90273.0,90225.0,90236.0,60.3483
2025-12-14 04:48:06.136,90237.0,90303.0,90098.0,90163.0,154.35054
2025-12-14 05:48:06.136,90163.0,90186.0,90013.0,90162.0,429.87031
2025-12-14 06:48:06.136,90163.0,90194.0,90064.0,90109.0,158.25818
2025-12-14 07:48:06.136,90109.0,90241.0,90042.0,90210.0,51.01499
2025-12-14 08:48:06.136,90209.0,90244.0,90063.0,90079.0,164.03617
2025-12-14 09:48:06.136,90078.0,90121.0,89967.0,89985.0,380.44009
2025-12-14 10:48:06.136,89985.0,90096.0,89749.0,89795.0,1541.29226
2025-12-14 11:48:06.136,89796.0,89806.0,88587.0,89328.0,2398.216
2025-12-14 12:48:06.136,89320.0,89627.0,89071.0,89384.0,914.39504
2025-12-14 13:48:06.136,89384.0,89455.0,89043.0,89455.0,364.93556
2025-12-14 14:48:06.136,89455.0,89522.0,88838.0,89071.0,560.14547
2025-12-14 15:48:06.136,89071.0,89141.0,88833.0,88974.0,412.20026
2025-12-14 16:48:06.136,88974.0,89359.0,88491.0,88786.0,939.40852
2025-12-14 17:48:06.136,88786.0,88987.0,88560.0,88767.0,969.91644
2025-12-14 18:48:06.136,88767.0,89039.0,88680.0,88965.0,805.58409
2025-12-14 19:48:06.136,88964.0,88964.0,88442.0,88608.0,908.64366
2025-12-14 20:48:06.136,88605.0,88786.0,88276.0,88518.0,1048.40921
2025-12-14 21:48:06.136,88518.0,88675.0,88292.0,88401.0,390.05671
2025-12-14 22:48:06.136,88401.0,88576.0,87976.0,88381.0,1182.56525
2025-12-14 23:48:06.136,88382.0,88555.0,87558.0,88128.0,2071.72219
2025-12-15 00:48:06.136,88129.0,88649.0,88044.0,88438.0,1354.94083
2025-12-15 01:48:06.136,88438.0,89322.0,88383.0,89214.0,2027.3217
2025-12-15 02:48:06.136,89214.0,90007.0,89209.0,89280.0,2834.46244
2025-12-15 03:48:06.136,89278.0,89512.0,89188.0,89243.0,643.76893
2025-12-15 04:48:06.136,89243.0,89768.0,89243.0,89636.0,1775.13301
2025-12-15 05:48:06.136,89637.0,89725.0,89436.0,89564.0,1538.81366
2025-12-15 06:48:06.136,89564.0,89878.0,89428.0,89685.0,679.40625
2025-12-15 07:48:06.136,89686.0,89776.0,89465.0,89694.0,607.79433
2025-12-15 08:48:06.136,89694.0,89852.0,89597.0,89723.0,410.39774
2025-12-15 09:48:06.136,89724.0,89973.0,89723.0,89827.0,490.05344
2025-12-15 10:48:06.136,89827.0,89927.0,89678.0,89808.0,325.40383
2025-12-15 11:48:06.136,89807.0,89845.0,89534.0,89591.0,460.56535
2025-12-15 12:48:06.136,89592.0,89745.0,89372.0,89641.0,1395.6888
2025-12-15 13:48:06.136,89640.0,89683.0,89231.0,89378.0,583.4351
2025-12-15 14:48:06.136,89378.0,89824.0,87781.0,88006.0,3963.30514
2025-12-15 15:48:06.136,88006.0,88150.0,86601.0,87007.0,7250.89942
2025-12-15 16:48:06.136,87007.0,87202.0,86026.0,86376.0,4907.68561
2025-12-15 17:48:06.136,86376.0,86484.0,85583.0,85731.0,2500.82891
2025-12-15 18:48:06.136,85733.0,86287.0,85123.0,86182.0,3755.96134
2025-12-15 19:48:06.136,86180.0,86539.0,85856.0,86143.0,2737.38307
2025-12-15 20:48:06.136,86141.0,86182.0,85600.0,85805.0,1180.80779
2025-12-15 21:48:06.136,85804.0,86303.0,85491.0,86226.0,1963.82503
2025-12-15 22:48:06.136,86226.0,86255.0,85817.0,86255.0,486.20977
2025-12-15 23:48:06.136,86254.0,86462.0,86100.0,86427.0,1402.48722
2025-12-16 00:48:06.136,86427.0,86508.0,85820.0,85837.0,1077.39042
2025-12-16 01:48:06.136,85838.0,86153.0,85664.0,85882.0,1040.65165
2025-12-16 02:48:06.136,85882.0,86225.0,85794.0,85939.0,797.60635
2025-12-16 03:48:06.136,85939.0,86003.0,85334.0,85849.0,1986.42026
2025-12-16 04:48:06.136,85850.0,85889.0,85236.0,85815.0,935.40876
2025-12-16 05:48:06.136,85814.0,86170.0,85781.0,86006.0,477.09827
2025-12-16 06:48:06.136,86006.0,86592.0,86005.0,86482.0,801.51515
2025-12-16 07:48:06.136,86482.0,86592.0,85824.0,85981.0,1233.59419
2025-12-16 08:48:06.136,85982.0,86350.0,85877.0,86238.0,877.25358
2025-12-16 09:48:06.136,86238.0,86397.0,86159.0,86310.0,433.48053
2025-12-16 10:48:06.136,86311.0,87306.0,86240.0,86948.0,1569.71055
2025-12-16 11:48:06.136,86948.0,87300.0,86796.0,87236.0,753.12039
2025-12-16 12:48:06.136,87236.0,87453.0,87042.0,87185.0,785.18032
2025-12-16 13:48:06.136,87186.0,87728.0,86407.0,86407.0,4008.7304
2025-12-16 14:48:06.136,86407.0,87688.0,86088.0,87243.0,3279.32844
2025-12-16 15:48:06.136,87243.0,88142.0,86810.0,87939.0,2431.49318
2025-12-16 16:48:06.136,87940.0,88000.0,87346.0,87543.0,1163.41311
2025-12-16 17:48:06.136,87542.0,87789.0,87026.0,87079.0,995.41423
2025-12-16 18:48:06.136,87080.0,87969.0,87015.0,87728.0,1329.67925
2025-12-16 19:48:06.136,87728.0,87754.0,87234.0,87536.0,1057.15554
2025-12-16 20:48:06.136,87535.0,87793.0,87285.0,87527.0,791.32138
2025-12-16 21:48:06.136,87529.0,87871.0,87439.0,87726.0,540.57642
2025-12-16 22:48:06.136,87721.0,87886.0,87590.0,87751.0,460.28307
2025-12-16 23:48:06.136,87750.0,87827.0,87542.0,87814.0,357.84861
2025-12-17 00:48:06.136,87814.0,87823.0,87364.0,87488.0,655.21533
2025-12-17 01:48:06.136,87497.0,87899.0,87421.0,87504.0,699.54764
2025-12-17 02:48:06.136,87504.0,87536.0,87129.0,87440.0,752.47478
2025-12-17 03:48:06.136,87441.0,87565.0,87100.0,87160.0,629.50864
2025-12-17 04:48:06.136,87160.0,87345.0,86673.0,86700.0,1132.36878
2025-12-17 05:48:06.136,86700.0,86700.0,86150.0,86580.0,1293.17949
2025-12-17 06:48:06.136,86579.0,86948.0,86525.0,86730.0,652.0302
2025-12-17 07:48:06.136,86730.0,87101.0,86545.0,87007.0,782.40172
2025-12-17 08:48:06.136,87007.0,87007.0,86280.0,86357.0,844.14722
2025-12-17 09:48:06.136,86358.0,86563.0,86211.0,86369.0,475.39921
2025-12-17 10:48:06.136,86369.0,86790.0,86206.0,86587.0,686.25626
2025-12-17 11:48:06.136,86587.0,87097.0,86533.0,86941.0,697.54849
2025-12-17 12:48:06.136,86939.0,87178.0,86766.0,86989.0,758.21433
2025-12-17 13:48:06.136,86988.0,87825.0,86780.0,87576.0,1457.6067
2025-12-17 14:48:06.136,87577.0,89724.0,87130.0,89650.0,5124.90166
2025-12-17 15:48:06.136,89649.0,90346.0,87079.0,87186.0,7368.39851
2025-12-17 16:48:06.136,87188.0,87739.0,86100.0,86951.0,5546.61784
2025-12-17 17:48:06.136,86950.0,87056.0,86215.0,86393.0,2001.38865
2025-12-17 18:48:06.136,86393.0,86800.0,85623.0,85793.0,2092.39497
2025-12-17 19:48:06.136,85794.0,86160.0,85270.0,85987.0,3722.98406
2025-12-17 20:48:06.136,85988.0,86214.0,85626.0,85853.0,2159.0511
2025-12-17 21:48:06.136,85853.0,86018.0,85668.0,85939.0,1003.81852
2025-12-17 22:48:06.136,85950.0,86400.0,85862.0,86317.0,1311.31797
2025-12-17 23:48:06.136,86317.0,86318.0,85916.0,86210.0,981.87276
2025-12-18 00:48:06.136,86210.0,86291.0,86024.0,86211.0,850.39958
2025-12-18 01:48:06.136,86211.0,86212.0,85833.0,86085.0,719.46443
2025-12-18 02:48:06.136,86086.0,86860.0,85981.0,86670.0,2384.02604
2025-12-18 03:48:06.136,86670.0,86670.0,86233.0,86588.0,856.71493
2025-12-18 04:48:06.136,86587.0,86862.0,86586.0,86736.0,489.9525
2025-12-18 05:48:06.136,86735.0,86736.0,86341.0,86415.0,816.38328
2025-12-18 06:48:06.136,86414.0,86628.0,86377.0,86615.0,578.88672
2025-12-18 07:48:06.136,86615.0,86835.0,86572.0,86803.0,675.02191
2025-12-18 08:48:06.136,86802.0,87100.0,86652.0,86938.0,666.78734
2025-12-18 09:48:06.136,86938.0,87357.0,86769.0,87244.0,583.38433
2025-12-18 10:48:06.136,87245.0,87421.0,87186.0,87303.0,761.62667
2025-12-18 11:48:06.136,87304.0,87319.0,87028.0,87230.0,357.05329
2025-12-18 12:48:06.136,87232.0,87402.0,87072.0,87220.0,826.20865
2025-12-18 13:48:06.136,87220.0,89185.0,87219.0,88803.0,4880.85637
2025-12-18 14:48:06.136,88804.0,89441.0,87700.0,88304.0,5011.90067
2025-12-18 15:48:06.136,88304.0,89347.0,87933.0,88473.0,3929.60251
2025-12-18 16:48:06.136,88473.0,88496.0,87836.0,87979.0,1369.40432
2025-12-18 17:48:06.136,87979.0,87996.0,85429.0,86447.0,8668.12374
2025-12-18 18:48:06.136,86448.0,86875.0,85634.0,85945.0,3073.23199
2025-12-18 19:48:06.136,85945.0,85981.0,84410.0,84426.0,5126.43524
2025-12-18 20:48:06.136,84426.0,85217.0,84395.0,84623.0,2396.61374
2025-12-18 21:48:06.136,84623.0,85782.0,84530.0,85597.0,3524.84753
2025-12-18 22:48:06.136,85597.0,85707.0,85262.0,85537.0,981.2315
2025-12-18 23:48:06.136,85537.0,85585.0,85279.0,85477.0,1200.78943
2025-12-19 00:48:06.136,85477.0,85573.0,85255.0,85565.0,1382.93605
2025-12-19 01:48:06.136,85566.0,85566.0,85092.0,85289.0,1098.58815
2025-12-19 02:48:06.136,85289.0,85900.0,85090.0,85601.0,1158.84476
2025-12-19 03:48:06.136,85603.0,87555.0,85587.0,86847.0,4556.52447
2025-12-19 04:48:06.136,86848.0,87365.0,86826.0,87057.0,1156.8527
2025-12-19 05:48:06.136,87062.0,87190.0,86650.0,87100.0,1409.43282
2025-12-19 06:48:06.136,87100.0,87446.0,86863.0,87446.0,672.04251
2025-12-19 07:48:06.136,87446.0,88355.0,87440.0,87912.0,2884.2402
2025-12-19 08:48:06.136,87912.0,88198.0,87696.0,88075.0,1142.2877
2025-12-19 09:48:06.136,88074.0,88124.0,87858.0,88075.0,516.02435
2025-12-19 10:48:06.136,88073.0,88292.0,87888.0,88226.0,1625.95384
2025-12-19 11:48:06.136,88226.0,88348.0,88102.0,88144.0,1214.7888
2025-12-19 12:48:06.136,88144.0,88235.0,87786.0,87813.0,1541.24024
2025-12-19 13:48:06.136,87815.0,88171.0,87795.0,87954.0,949.84263
2025-12-19 14:48:06.136,87955.0,88544.0,87489.0,88130.0,3879.17391
2025-12-19 15:48:06.136,88129.0,89381.0,87628.0,87913.0,6169.761
2025-12-19 16:48:06.136,87913.0,88878.0,87829.0,87925.0,2258.23239
2025-12-19 17:48:06.136,87925.0,88292.0,86661.0,86880.0,4814.06607
2025-12-19 18:48:06.136,86881.0,87400.0,86780.0,87098.0,1707.89185
2025-12-19 19:48:06.136,87099.0,88065.0,87084.0,87786.0,1777.75229
2025-12-19 20:48:06.136,87787.0,88398.0,87544.0,87989.0,1857.18639
2025-12-19 21:48:06.136,87990.0,88051.0,87756.0,87784.0,787.38846
2025-12-19 22:48:06.136,87785.0,88383.0,87785.0,88297.0,663.46334
2025-12-19 23:48:06.136,88297.0,88320.0,88092.0,88092.0,353.59162
2025-12-20 00:48:06.136,88093.0,88140.0,87908.0,87950.0,545.40365
2025-12-20 01:48:06.136,87951.0,88124.0,87950.0,88025.0,280.97801
2025-12-20 02:48:06.136,88026.0,88268.0,87936.0,88160.0,504.68647
2025-12-20 03:48:06.136,88161.0,88289.0,88117.0,88162.0,359.43684
2025-12-20 04:48:06.136,88162.0,88288.0,88053.0,88249.0,515.86473
2025-12-20 05:48:06.136,88248.0,88525.0,88227.0,88253.0,566.27625
2025-12-20 06:48:06.136,88252.0,88416.0,88232.0,88258.0,182.07811
2025-12-20 07:48:06.136,88260.0,88282.0,88135.0,88233.0,197.30151
2025-12-20 08:48:06.136,88232.0,88392.0,88214.0,88214.0,216.84806
2025-12-20 09:48:06.136,88214.0,88298.0,88169.0,88173.0,255.53978
2025-12-20 10:48:06.136,88173.0,88220.0,88081.0,88114.0,504.1158
2025-12-20 11:48:06.136,88114.0,88267.0,88046.0,88228.0,126.06302
2025-12-20 12:48:06.136,88228.0,88293.0,88142.0,88201.0,144.6914
2025-12-20 13:48:06.136,88201.0,88302.0,87715.0,88226.0,947.3215
2025-12-20 14:48:06.136,88225.0,88279.0,87949.0,88208.0,953.40328
2025-12-20 15:48:06.136,88207.0,88216.0,87964.0,88131.0,351.4755
2025-12-20 16:48:06.136,88130.0,88191.0,88068.0,88113.0,273.12918
2025-12-20 17:48:06.136,88113.0,88214.0,88044.0,88135.0,214.40134
2025-12-20 18:48:06.136,88135.0,88392.0,88113.0,88267.0,179.81349
2025-12-20 19:48:06.136,88267.0,88289.0,88161.0,88189.0,137.78426
2025-12-20 20:48:06.136,88189.0,88274.0,88175.0,88242.0,150.78047
2025-12-20 21:48:06.136,88242.0,88404.0,88150.0,88169.0,203.63422
2025-12-20 22:48:06.136,88169.0,88299.0,88097.0,88238.0,223.59608
2025-12-20 23:48:06.136,88237.0,88384.0,88221.0,88317.0,562.77383
2025-12-21 00:48:06.136,88317.0,88383.0,88269.0,88356.0,147.59233
2025-12-21 01:48:06.136,88354.0,88354.0,87975.0,87975.0,489.69891
2025-12-21 02:48:06.136,87976.0,88108.0,87828.0,87903.0,337.01816
2025-12-21 03:48:06.136,87904.0,88121.0,87903.0,88035.0,409.05492
2025-12-21 04:48:06.136,88035.0,88106.0,88006.0,88032.0,56.28765
2025-12-21 05:48:06.136,88032.0,88109.0,88015.0,88096.0,119.85158
2025-12-21 06:48:06.136,88096.0,88166.0,88024.0,88050.0,262.75746
2025-12-21 07:48:06.136,88049.0,88143.0,88011.0,88137.0,83.54332
2025-12-21 08:48:06.136,88137.0,88699.0,88104.0,88500.0,553.45844
2025-12-21 09:48:06.136,88499.0,89048.0,88462.0,88843.0,751.36324
2025-12-21 10:48:06.136,88842.0,88928.0,88551.0,88622.0,491.80862
2025-12-21 11:48:06.136,88626.0,88716.0,88552.0,88563.0,320.13477
2025-12-21 12:48:06.136,88563.0,88890.0,88423.0,88592.0,592.56104
2025-12-21 13:48:06.136,88593.0,88677.0,87600.0,87650.0,2012.4126
2025-12-21 14:48:06.136,87650.0,88113.0,87597.0,88028.0,806.94258
2025-12-21 15:48:06.136,88028.0,88220.0,87761.0,88038.0,259.22726
2025-12-21 16:48:06.136,88037.0,88322.0,87944.0,88315.0,335.64344
2025-12-21 17:48:06.136,88315.0,88444.0,88243.0,88292.0,555.78839
2025-12-21 18:48:06.136,88291.0,88429.0,87899.0,88415.0,1237.25989
2025-12-21 19:48:06.136,88415.0,88570.0,88176.0,88456.0,365.74983
2025-12-21 20:48:06.136,88456.0,88472.0,88195.0,88203.0,410.15034
2025-12-21 21:48:06.136,88203.0,88339.0,88044.0,88117.0,400.23132
2025-12-21 22:48:06.136,88117.0,88480.0,88085.0,88434.0,1083.06264
2025-12-21 23:48:06.136,88435.0,88801.0,88331.0,88607.0,1425.68914
2025-12-22 00:48:06.136,88608.0,89595.0,88580.0,88583.0,3167.74299
2025-12-22 01:48:06.136,88582.0,89238.0,88489.0,88581.0,1349.51859
2025-12-22 02:48:06.136,88583.0,88609.0,87829.0,88425.0,1721.23104
2025-12-22 03:48:06.136,88425.0,88824.0,88237.0,88738.0,971.27761
2025-12-22 04:48:06.136,88739.0,88997.0,88683.0,88868.0,777.73569
2025-12-22 05:48:06.136,88869.0,88971.0,88736.0,88800.0,306.83656
2025-12-22 06:48:06.136,88800.0,88981.0,88698.0,88880.0,430.19735
2025-12-22 07:48:06.136,88879.0,89173.0,88860.0,89155.0,734.28407
2025-12-22 08:48:06.136,89155.0,89900.0,89076.0,89298.0,1919.89244
2025-12-22 09:48:06.136,89298.0,89795.0,89266.0,89795.0,587.49382
2025-12-22 10:48:06.136,89795.0,89843.0,89590.0,89744.0,309.82048
2025-12-22 11:48:06.136,89743.0,90067.0,89614.0,89909.0,906.77696
2025-12-22 12:48:06.136,89909.0,90553.0,89821.0,90175.0,1697.99009
2025-12-22 13:48:06.136,90176.0,90289.0,89694.0,89870.0,1588.97698
2025-12-22 14:48:06.136,89870.0,90256.0,89350.0,90077.0,4663.23514
2025-12-22 15:48:06.136,90078.0,90385.0,89140.0,89687.0,4357.76063
2025-12-22 16:48:06.136,89687.0,90077.0,89482.0,89514.0,1671.68126
2025-12-22 17:48:06.136,89513.0,89527.0,89000.0,89268.0,1730.51246
2025-12-22 18:48:06.136,89268.0,89476.0,89097.0,89098.0,400.14758
2025-12-22 19:48:06.136,89098.0,89107.0,87916.0,88014.0,3100.45147
2025-12-22 20:48:06.136,88014.0,88435.0,87863.0,88318.0,1586.96617
2025-12-22 21:48:06.136,88311.0,88578.0,88175.0,88232.0,899.62747
2025-12-22 22:48:06.136,88226.0,88744.0,88106.0,88614.0,900.94735
2025-12-22 23:48:06.136,88615.0,88655.0,88369.0,88573.0,808.14524
2025-12-23 00:48:06.136,88567.0,88893.0,88432.0,88730.0,1036.17469
2025-12-23 01:48:06.136,88729.0,88844.0,88371.0,88457.0,1286.85599
2025-12-23 02:48:06.136,88456.0,88704.0,88047.0,88151.0,1239.81746
2025-12-23 03:48:06.136,88152.0,88314.0,87714.0,88152.0,1248.31871
2025-12-23 04:48:06.136,88152.0,88330.0,87888.0,87888.0,657.50987
2025-12-23 05:48:06.136,87888.0,87984.0,87600.0,87741.0,1654.63395
2025-12-23 06:48:06.136,87742.0,87742.0,87035.0,87362.0,1464.78782
2025-12-23 07:48:06.136,87362.0,87666.0,87340.0,87534.0,501.9615
2025-12-23 08:48:06.136,87534.0,87663.0,87397.0,87433.0,320.53134
2025-12-23 09:48:06.136,87434.0,87581.0,87270.0,87487.0,290.8957
2025-12-23 10:48:06.136,87488.0,87625.0,87463.0,87575.0,494.11662
2025-12-23 11:48:06.136,87576.0,87872.0,87531.0,87825.0,1389.2188
2025-12-23 12:48:06.136,87826.0,87944.0,87569.0,87755.0,1021.06315
2025-12-23 13:48:06.136,87756.0,87874.0,87401.0,87590.0,1747.78163
2025-12-23 14:48:06.136,87591.0,87809.0,86571.0,86850.0,3748.20736
2025-12-23 15:48:06.136,86850.0,87530.0,86688.0,87426.0,1563.78902
2025-12-23 16:48:06.136,87427.0,88164.0,87303.0,87978.0,1390.53366
2025-12-23 17:48:06.136,87978.0,88256.0,87140.0,87153.0,1437.69375
2025-12-23 18:48:06.136,87152.0,88148.0,87148.0,87961.0,1043.64939
2025-12-23 19:48:06.136,87960.0,88026.0,87627.0,87738.0,690.76128
2025-12-23 20:48:06.136,87738.0,88355.0,87503.0,87693.0,2597.92351
2025-12-23 21:48:06.136,87692.0,87844.0,87535.0,87706.0,709.70569
2025-12-23 22:48:06.136,87706.0,87772.0,87222.0,87370.0,1577.00781
2025-12-23 23:48:06.136,87370.0,87486.0,87151.0,87459.0,522.96632
2025-12-24 00:48:06.136,87459.0,87641.0,87231.0,87620.0,628.65318
2025-12-24 01:48:06.136,87620.0,87825.0,87454.0,87598.0,1230.69351
2025-12-24 02:48:06.136,87596.0,87618.0,86909.0,87099.0,1372.68044
2025-12-24 03:48:06.136,87098.0,87363.0,86835.0,87302.0,686.99304
2025-12-24 04:48:06.136,87303.0,87441.0,87053.0,87101.0,533.46001
2025-12-24 05:48:06.136,87101.0,87222.0,86760.0,86921.0,400.48743
2025-12-24 06:48:06.136,86922.0,87032.0,86762.0,86980.0,238.94739
2025-12-24 07:48:06.136,86980.0,87148.0,86876.0,86877.0,276.34068
2025-12-24 08:48:06.136,86877.0,87046.0,86722.0,86755.0,448.84667
2025-12-24 09:48:06.136,86755.0,86862.0,86661.0,86789.0,1100.35181
2025-12-24 10:48:06.136,86790.0,87187.0,86788.0,87077.0,1513.99865
2025-12-24 11:48:06.136,87078.0,87351.0,87077.0,87191.0,463.3765
2025-12-24 12:48:06.136,87190.0,87490.0,87128.0,87413.0,870.14034
2025-12-24 13:48:06.136,87413.0,87429.0,87028.0,87275.0,736.76189
2025-12-24 14:48:06.136,87274.0,87443.0,86401.0,86974.0,2580.44081
2025-12-24 15:48:06.136,86974.0,87211.0,86565.0,87036.0,1391.89954
2025-12-24 16:48:06.136,87036.0,87665.0,86905.0,87275.0,1241.66835
2025-12-24 17:48:06.136,87275.0,87571.0,87236.0,87304.0,260.78677
2025-12-24 18:48:06.136,87304.0,87506.0,87230.0,87453.0,258.99185
2025-12-24 19:48:06.136,87453.0,87576.0,87337.0,87546.0,285.86127
2025-12-24 20:48:06.136,87546.0,87683.0,87506.0,87541.0,687.6436
2025-12-24 21:48:06.136,87541.0,87793.0,87540.0,87688.0,356.39097
2025-12-24 22:48:06.136,87687.0,88045.0,87684.0,88005.0,606.87111
2025-12-24 23:48:06.136,88004.0,88018.0,87579.0,87653.0,1064.37858
2025-12-25 00:48:06.136,87652.0,87734.0,87504.0,87539.0,672.87671
2025-12-25 01:48:06.136,87540.0,87728.0,87539.0,87675.0,527.80241
2025-12-25 02:48:06.136,87675.0,87947.0,87554.0,87860.0,322.76834
2025-12-25 03:48:06.136,87859.0,87905.0,87753.0,87824.0,110.59417
2025-12-25 04:48:06.136,87825.0,87825.0,87730.0,87767.0,140.30596
2025-12-25 05:48:06.136,87763.0,87763.0,87627.0,87728.0,194.08157
2025-12-25 06:48:06.136,87729.0,87821.0,87660.0,87817.0,133.64239
2025-12-25 07:48:06.136,87818.0,87838.0,87738.0,87808.0,69.91728
2025-12-25 08:48:06.136,87809.0,87858.0,87312.0,87554.0,530.18962
2025-12-25 09:48:06.136,87554.0,87562.0,87417.0,87481.0,102.48338
2025-12-25 10:48:06.136,87481.0,87495.0,87232.0,87399.0,501.50642
2025-12-25 11:48:06.136,87399.0,87586.0,87384.0,87493.0,383.13885
2025-12-25 12:48:06.136,87493.0,87568.0,87464.0,87536.0,131.83287
2025-12-25 13:48:06.136,87536.0,87664.0,87385.0,87609.0,386.53734
2025-12-25 14:48:06.136,87609.0,87732.0,87526.0,87692.0,352.50924
2025-12-25 15:48:06.136,87691.0,88575.0,87691.0,88319.0,2144.79842
2025-12-25 16:48:06.136,88318.0,88450.0,87966.0,88066.0,1044.42331
2025-12-25 17:48:06.136,88065.0,88179.0,87980.0,88118.0,611.61458
2025-12-25 18:48:06.136,88117.0,88282.0,88116.0,88210.0,334.1025
2025-12-25 19:48:06.136,88211.0,88224.0,88048.0,88123.0,163.11138
2025-12-25 20:48:06.136,88124.0,88150.0,87600.0,87849.0,863.03982
2025-12-25 21:48:06.136,87849.0,87956.0,87773.0,87864.0,377.85384
2025-12-25 22:48:06.136,87864.0,87887.0,87264.0,87618.0,1187.74016
2025-12-25 23:48:06.136,87618.0,87754.0,86910.0,87200.0,2570.90964
2025-12-26 00:48:06.136,87201.0,87283.0,86848.0,87101.0,1294.48388
2025-12-26 01:48:06.136,87101.0,87462.0,87095.0,87401.0,643.94369
2025-12-26 02:48:06.136,87401.0,89433.0,87393.0,89147.0,3018.27865
2025-12-26 03:48:06.136,89148.0,89244.0,88662.0,88787.0,923.83978
2025-12-26 04:48:06.136,88787.0,89116.0,88485.0,88932.0,1218.06149
2025-12-26 05:48:06.136,88931.0,89010.0,88785.0,88957.0,746.20078
2025-12-26 06:48:06.136,88958.0,89219.0,88958.0,89095.0,493.50764
2025-12-26 07:48:06.136,89096.0,89521.0,88309.0,88428.0,2003.62119
2025-12-26 08:48:06.136,88427.0,88852.0,88400.0,88703.0,840.4241
2025-12-26 09:48:06.136,88703.0,88884.0,88598.0,88782.0,286.25773
2025-12-26 10:48:06.136,88781.0,88843.0,88637.0,88710.0,285.12601
2025-12-26 11:48:06.136,88709.0,88712.0,88483.0,88500.0,442.57458
2025-12-26 12:48:06.136,88499.0,88725.0,88493.0,88643.0,260.85294
2025-12-26 13:48:06.136,88643.0,89016.0,88572.0,88964.0,349.15472
2025-12-26 14:48:06.136,88965.0,89016.0,87313.0,87372.0,4496.51253
2025-12-26 15:48:06.136,87372.0,87372.0,86633.0,87130.0,3354.72822
2025-12-26 16:48:06.136,87131.0,87363.0,86815.0,86828.0,1939.76914
2025-12-26 17:48:06.136,86828.0,87444.0,86782.0,87295.0,1487.69985
2025-12-26 18:48:06.136,87296.0,87354.0,87125.0,87245.0,342.46235
2025-12-26 19:48:06.136,87244.0,87553.0,87230.0,87480.0,295.62633
2025-12-26 20:48:06.136,87478.0,87772.0,87370.0,87561.0,792.27917
2025-12-26 21:48:06.136,87563.0,87677.0,87431.0,87440.0,482.41732
2025-12-26 22:48:06.136,87441.0,87568.0,87281.0,87508.0,985.69425
2025-12-26 23:48:06.136,87507.0,87519.0,87293.0,87339.0,629.91081
2025-12-27 00:48:06.136,87338.0,87388.0,87222.0,87375.0,324.29196
2025-12-27 01:48:06.136,87375.0,87453.0,87306.0,87448.0,183.06375
2025-12-27 02:48:06.136,87448.0,87476.0,87369.0,87414.0,117.66141
2025-12-27 03:48:06.136,87415.0,87522.0,87356.0,87491.0,160.70249
2025-12-27 04:48:06.136,87492.0,87492.0,87431.0,87439.0,90.49474
2025-12-27 05:48:06.136,87439.0,87502.0,87410.0,87481.0,79.56782
2025-12-27 06:48:06.136,87481.0,87540.0,87388.0,87438.0,264.85554
2025-12-27 07:48:06.136,87438.0,87683.0,87438.0,87519.0,448.77777
2025-12-27 08:48:06.136,87519.0,87650.0,87515.0,87563.0,135.83758
2025-12-27 09:48:06.136,87564.0,87640.0,87519.0,87600.0,265.5392
2025-12-27 10:48:06.136,87600.0,87600.0,87350.0,87478.0,328.7383
2025-12-27 11:48:06.136,87478.0,87520.0,87416.0,87442.0,168.36187
2025-12-27 12:48:06.136,87442.0,87483.0,87402.0,87442.0,58.55894
2025-12-27 13:48:06.136,87443.0,87453.0,87299.0,87422.0,118.50675
2025-12-27 14:48:06.136,87423.0,87530.0,87378.0,87515.0,149.69397
2025-12-27 15:48:06.136,87514.0,87573.0,87463.0,87519.0,114.67441
2025-12-27 16:48:06.136,87519.0,87543.0,87405.0,87463.0,286.51881
2025-12-27 17:48:06.136,87463.0,87528.0,87426.0,87526.0,61.39971
2025-12-27 18:48:06.136,87527.0,87533.0,87439.0,87461.0,71.45648
2025-12-27 19:48:06.136,87462.0,87549.0,87462.0,87538.0,83.41802
2025-12-27 20:48:06.136,87538.0,87605.0,87500.0,87521.0,84.02651
2025-12-27 21:48:06.136,87521.0,87649.0,87520.0,87644.0,128.74482
2025-12-27 22:48:06.136,87645.0,87930.0,87472.0,87536.0,661.88566
2025-12-27 23:48:06.136,87536.0,87950.0,87536.0,87844.0,173.12587
2025-12-28 00:48:06.136,87841.0,87940.0,87679.0,87819.0,307.96036
2025-12-28 01:48:06.136,87820.0,87916.0,87694.0,87753.0,231.78531
2025-12-28 02:48:06.136,87753.0,87851.0,87719.0,87784.0,71.49831
2025-12-28 03:48:06.136,87785.0,87820.0,87707.0,87717.0,209.88894
2025-12-28 04:48:06.136,87715.0,87809.0,87649.0,87697.0,255.89361
2025-12-28 05:48:06.136,87698.0,87698.0,87581.0,87626.0,243.08521
2025-12-28 06:48:06.136,87627.0,87759.0,87614.0,87708.0,74.6836
2025-12-28 07:48:06.136,87708.0,87713.0,87650.0,87708.0,59.56301
2025-12-28 08:48:06.136,87708.0,87940.0,87708.0,87779.0,221.41703
2025-12-28 09:48:06.136,87779.0,87871.0,87676.0,87768.0,543.13036
2025-12-28 10:48:06.136,87768.0,87974.0,87767.0,87828.0,787.21498
2025-12-28 11:48:06.136,87828.0,87885.0,87782.0,87848.0,219.30941
2025-12-28 12:48:06.136,87848.0,87858.0,87770.0,87825.0,101.60979
2025-12-28 13:48:06.136,87825.0,87917.0,87777.0,87864.0,93.17806
2025-12-28 14:48:06.136,87864.0,88059.0,87864.0,87866.0,263.95725
2025-12-28 15:48:06.136,87866.0,87971.0,87768.0,87797.0,157.93443
2025-12-28 16:48:06.136,87797.0,87864.0,87701.0,87777.0,458.39724
2025-12-28 17:48:06.136,87778.0,87903.0,87728.0,87728.0,138.05353
2025-12-28 18:48:06.136,87729.0,87742.0,87453.0,87580.0,805.73285
2025-12-28 19:48:06.136,87580.0,87660.0,87500.0,87502.0,934.86763
2025-12-28 20:48:06.136,87502.0,87641.0,87413.0,87481.0,395.87929
2025-12-28 21:48:06.136,87480.0,87578.0,87408.0,87562.0,195.77427
2025-12-28 22:48:06.136,87562.0,87990.0,87454.0,87887.0,957.81244
2025-12-28 23:48:06.136,87887.0,88044.0,87628.0,87928.0,1326.89591
2025-12-29 00:48:06.136,87927.0,88418.0,87792.0,88306.0,2569.57427
2025-12-29 01:48:06.136,88307.0,88499.0,87862.0,88435.0,1291.69163
2025-12-29 02:48:06.136,88435.0,89378.0,88434.0,89148.0,2957.09892
2025-12-29 03:48:06.136,89148.0,90149.0,89097.0,90109.0,1256.98776
2025-12-29 04:48:06.136,90109.0,90380.0,89953.0,90096.0,1059.59273
2025-12-29 05:48:06.136,90111.0,90274.0,89903.0,89960.0,743.52912
2025-12-29 06:48:06.136,89961.0,90096.0,89720.0,89742.0,729.9114
2025-12-29 07:48:06.136,89743.0,89830.0,89463.0,89582.0,762.13094
2025-12-29 08:48:06.136,89582.0,89790.0,89424.0,89513.0,940.66977
2025-12-29 09:48:06.136,89514.0,89564.0,87716.0,88084.0,3482.74917
2025-12-29 10:48:06.136,88085.0,88232.0,87598.0,87742.0,1708.8008
2025-12-29 11:48:06.136,87743.0,87749.0,87524.0,87527.0,1108.69144
2025-12-29 12:48:06.136,87527.0,87588.0,86736.0,87336.0,3013.08701
2025-12-29 13:48:06.136,87336.0,87515.0,87124.0,87352.0,1577.90745
2025-12-29 14:48:06.136,87351.0,88185.0,87221.0,87411.0,3712.91063
2025-12-29 15:48:06.136,87411.0,87938.0,87200.0,87667.0,2067.37314
2025-12-29 16:48:06.136,87666.0,87819.0,87424.0,87609.0,457.40572
2025-12-29 17:48:06.136,87609.0,87842.0,87318.0,87835.0,1323.51236
2025-12-29 18:48:06.136,87833.0,88012.0,87341.0,87428.0,2652.62023
2025-12-29 19:48:06.136,87429.0,87641.0,87284.0,87337.0,987.65844
2025-12-29 20:48:06.136,87338.0,87595.0,87069.0,87215.0,2777.01011
2025-12-29 21:48:06.136,87233.0,87378.0,87198.0,87337.0,610.18004
2025-12-29 22:48:06.136,87337.0,87396.0,87069.0,87343.0,548.20874
2025-12-29 23:48:06.136,87342.0,87400.0,87173.0,87228.0,288.94882
2025-12-30 00:48:06.136,87227.0,87351.0,87081.0,87250.0,761.63193
2025-12-30 01:48:06.136,87246.0,87346.0,87101.0,87298.0,525.08681
2025-12-30 02:48:06.136,87298.0,87336.0,86955.0,87094.0,640.86522
2025-12-30 03:48:06.136,87093.0,87418.0,86824.0,87356.0,1281.18573
2025-12-30 04:48:06.136,87356.0,87480.0,87264.0,87287.0,543.86526
2025-12-30 05:48:06.136,87287.0,87335.0,87125.0,87240.0,512.10009
2025-12-30 06:48:06.136,87240.0,87527.0,87233.0,87433.0,385.90312
2025-12-30 07:48:06.136,87433.0,87593.0,87370.0,87482.0,131.51366
2025-12-30 08:48:06.136,87482.0,88200.0,87482.0,87849.0,992.60436
2025-12-30 09:48:06.136,87850.0,88020.0,87640.0,87982.0,343.81026
2025-12-30 10:48:06.136,87981.0,88174.0,87905.0,87940.0,486.61326
2025-12-30 11:48:06.136,87940.0,88017.0,87742.0,87874.0,679.01492
2025-12-30 12:48:06.136,87875.0,88069.0,87874.0,87999.0,236.08254
2025-12-30 13:48:06.136,88000.0,88127.0,87888.0,88096.0,241.53129
2025-12-30 14:48:06.136,88096.0,88988.0,87818.0,88845.0,2944.7372
2025-12-30 15:48:06.136,88846.0,89141.0,88192.0,88973.0,1874.65731
2025-12-30 16:48:06.136,88973.0,89376.0,88543.0,88721.0,1813.80795
2025-12-30 17:48:06.136,88721.0,88857.0,88080.0,88338.0,1248.1833
2025-12-30 18:48:06.136,88338.0,88470.0,88083.0,88273.0,614.69837
2025-12-30 19:48:06.136,88272.0,88397.0,87924.0,88184.0,919.93427
2025-12-30 20:48:06.136,88185.0,88185.0,87842.0,87894.0,883.12816
2025-12-30 21:48:06.136,87895.0,88317.0,87864.0,88251.0,812.49194
2025-12-30 22:48:06.136,88251.0,88456.0,88251.0,88412.0,507.00522
2025-12-30 23:48:06.136,88412.0,88549.0,88339.0,88466.0,511.23672
2025-12-31 00:48:06.136,88467.0,88467.0,88224.0,88239.0,487.05361
2025-12-31 01:48:06.136,88239.0,88768.0,88155.0,88629.0,554.84215
2025-12-31 02:48:06.136,88628.0,88727.0,88500.0,88644.0,295.90532
2025-12-31 03:48:06.136,88645.0,88793.0,88344.0,88422.0,462.39305
2025-12-31 04:48:06.136,88422.0,88519.0,88306.0,88307.0,360.12947
2025-12-31 05:48:06.136,88308.0,88501.0,88308.0,88431.0,234.13762
2025-12-31 06:48:06.136,88431.0,88535.0,88431.0,88486.0,125.19047
2025-12-31 07:48:06.136,88487.0,88613.0,88400.0,88578.0,237.7681
2025-12-31 08:48:06.136,88579.0,88712.0,88358.0,88404.0,282.6608
2025-12-31 09:48:06.136,88404.0,88680.0,88402.0,88640.0,193.467
2025-12-31 10:48:06.136,88641.0,88850.0,88630.0,88809.0,405.30146
2025-12-31 11:48:06.136,88810.0,89000.0,88777.0,88985.0,323.24683
2025-12-31 12:48:06.136,88982.0,89009.0,88712.0,88746.0,340.97894
2025-12-31 13:48:06.136,88745.0,89025.0,88708.0,88957.0,388.87887
2025-12-31 14:48:06.136,88957.0,89178.0,88250.0,88445.0,1469.31374
2025-12-31 15:48:06.136,88444.0,88455.0,87747.0,87927.0,3218.39804
2025-12-31 16:48:06.136,87926.0,88030.0,87366.0,87630.0,2262.15473
2025-12-31 17:48:06.136,87631.0,87736.0,87456.0,87599.0,867.8537
2025-12-31 18:48:06.136,87599.0,87978.0,87554.0,87673.0,885.08263
2025-12-31 19:48:06.136,87674.0,87858.0,87520.0,87534.0,566.37165
2025-12-31 20:48:06.136,87533.0,87710.0,87229.0,87660.0,1496.69354
2025-12-31 21:48:06.136,87660.0,87875.0,87657.0,87794.0,348.21587
2025-12-31 22:48:06.136,87793.0,87886.0,87646.0,87727.0,377.39348
2025-12-31 23:48:06.136,87726.0,87726.0,87615.0,87632.0,360.98304
2026-01-01 00:48:06.136,87631.0,87837.0,87628.0,87807.0,365.07286
2026-01-01 01:48:06.136,87807.0,88043.0,87805.0,87955.0,253.58595
2026-01-01 02:48:06.136,87956.0,88096.0,87885.0,87902.0,354.78846
2026-01-01 03:48:06.136,87903.0,88011.0,87831.0,87839.0,175.69812
2026-01-01 04:48:06.136,87839.0,87854.0,87550.0,87597.0,529.66977
2026-01-01 05:48:06.136,87597.0,87741.0,87596.0,87718.0,146.30682
2026-01-01 06:48:06.136,87718.0,87718.0,87646.0,87664.0,59.03478
2026-01-01 07:48:06.136,87664.0,87677.0,87602.0,87642.0,133.99845
2026-01-01 08:48:06.136,87641.0,87827.0,87632.0,87774.0,140.43132
2026-01-01 09:48:06.136,87774.0,87973.0,87757.0,87878.0,145.94248
2026-01-01 10:48:06.136,87878.0,87886.0,87788.0,87860.0,113.25132
2026-01-01 11:48:06.136,87860.0,88023.0,87851.0,88022.0,238.37517
2026-01-01 12:48:06.136,88022.0,88043.0,87923.0,87947.0,298.04323
2026-01-01 13:48:06.136,87946.0,88024.0,87855.0,87899.0,478.72853
2026-01-01 14:48:06.136,87899.0,87951.0,87786.0,87936.0,1012.22687
2026-01-01 15:48:06.136,87937.0,88096.0,87899.0,88011.0,243.3124
2026-01-01 16:48:06.136,88011.0,88023.0,87857.0,87968.0,400.68522
2026-01-01 17:48:06.136,87969.0,88495.0,87961.0,88293.0,912.58451
2026-01-01 18:48:06.136,88293.0,88340.0,88059.0,88169.0,393.37248
2026-01-01 19:48:06.136,88170.0,88420.0,88044.0,88377.0,672.65555
2026-01-01 20:48:06.136,88365.0,88376.0,88204.0,88238.0,389.37185
2026-01-01 21:48:06.136,88238.0,88424.0,88238.0,88365.0,260.52682
2026-01-01 22:48:06.136,88365.0,88689.0,88364.0,88637.0,1060.71872
2026-01-01 23:48:06.136,88637.0,88888.0,88460.0,88809.0,1375.95132
2026-01-02 00:48:06.136,88810.0,88871.0,88562.0,88802.0,1471.99411
2026-01-02 01:48:06.136,88804.0,88845.0,88494.0,88618.0,460.94468
2026-01-02 02:48:06.136,88618.0,88643.0,88350.0,88606.0,542.96798
2026-01-02 03:48:06.136,88607.0,89094.0,88544.0,88910.0,1260.34214
2026-01-02 04:48:06.136,88911.0,88960.0,88581.0,88599.0,761.04009
2026-01-02 05:48:06.136,88599.0,88759.0,88538.0,88724.0,521.18665
2026-01-02 06:48:06.136,88724.0,89059.0,88701.0,88906.0,482.81679
2026-01-02 07:48:06.136,88906.0,89036.0,88805.0,88827.0,308.67892
2026-01-02 08:48:06.136,88827.0,89192.0,88771.0,89149.0,887.77292
2026-01-02 09:48:06.136,89150.0,89475.0,89059.0,89436.0,2155.61421
2026-01-02 10:48:06.136,89436.0,89899.0,89426.0,89618.0,2680.2837
2026-01-02 11:48:06.136,89618.0,89640.0,89290.0,89459.0,1877.13636
2026-01-02 12:48:06.136,89459.0,89548.0,89326.0,89361.0,715.71412
2026-01-02 13:48:06.136,89361.0,89642.0,89274.0,89297.0,597.98188
2026-01-02 14:48:06.136,89298.0,90079.0,88444.0,89530.0,4662.05031
2026-01-02 15:48:06.136,89531.0,89850.0,88752.0,89366.0,3704.9641
2026-01-02 16:48:06.136,89367.0,90786.0,89161.0,90340.0,5999.44374
2026-01-02 17:48:06.136,90341.0,90956.0,90134.0,90310.0,2490.74072
2026-01-02 18:48:06.136,90310.0,90498.0,89508.0,89740.0,2209.08736
2026-01-02 19:48:06.136,89739.0,90137.0,89612.0,89849.0,1241.55681
2026-01-02 20:48:06.136,89848.0,90036.0,89573.0,89735.0,940.70923
2026-01-02 21:48:06.136,89734.0,90141.0,89683.0,90027.0,627.34496
2026-01-02 22:48:06.136,90026.0,90356.0,89973.0,90149.0,826.32657
2026-01-02 23:48:06.136,90148.0,90149.0,89851.0,89932.0,390.70587
2026-01-03 00:48:06.136,89932.0,90148.0,89915.0,90112.0,445.23071
2026-01-03 01:48:06.136,90112.0,90250.0,90035.0,90236.0,222.20695
2026-01-03 02:48:06.136,90235.0,90369.0,90090.0,90300.0,527.62956
2026-01-03 03:48:06.136,90299.0,90341.0,90146.0,90274.0,282.52422
2026-01-03 04:48:06.136,90273.0,90430.0,90008.0,90119.0,410.14398
2026-01-03 05:48:06.136,90119.0,90158.0,89886.0,90000.0,453.51579
2026-01-03 06:48:06.136,90000.0,90088.0,89811.0,89836.0,308.76857
2026-01-03 07:48:06.136,89835.0,89911.0,89269.0,89528.0,2139.64416
2026-01-03 08:48:06.136,89529.0,89802.0,89389.0,89637.0,1170.56191
2026-01-03 09:48:06.136,89637.0,89952.0,89589.0,89751.0,892.3725
2026-01-03 10:48:06.136,89751.0,89836.0,89673.0,89724.0,274.66903
2026-01-03 11:48:06.136,89724.0,89747.0,89643.0,89720.0,99.14826
2026-01-03 12:48:06.136,89721.0,90020.0,89630.0,90006.0,342.41738
2026-01-03 13:48:06.136,90005.0,90025.0,89895.0,89980.0,366.64021
2026-01-03 14:48:06.136,89980.0,90214.0,89929.0,90093.0,267.14519
2026-01-03 15:48:06.136,90093.0,90097.0,89929.0,89934.0,616.90846
2026-01-03 16:48:06.136,89933.0,90190.0,89881.0,90069.0,977.83587
2026-01-03 17:48:06.136,90070.0,90100.0,89989.0,90060.0,275.26881
2026-01-03 18:48:06.136,90060.0,90165.0,90000.0,90099.0,524.3729
2026-01-03 19:48:06.136,90099.0,90112.0,90002.0,90079.0,280.80927
2026-01-03 20:48:06.136,90079.0,90340.0,89983.0,90340.0,602.2323
2026-01-03 21:48:06.136,90340.0,90711.0,90260.0,90527.0,1521.26264
2026-01-03 22:48:06.136,90527.0,90711.0,90463.0,90546.0,607.14864
2026-01-03 23:48:06.136,90546.0,90683.0,90421.0,90600.0,534.24962
2026-01-04 00:48:06.136,90599.0,91555.0,90599.0,91308.0,2628.87023
2026-01-04 01:48:06.136,91308.0,91446.0,90952.0,91182.0,1669.00231
2026-01-04 02:48:06.136,91183.0,91260.0,91030.0,91091.0,335.12682
2026-01-04 03:48:06.136,91090.0,91313.0,91040.0,91190.0,454.40443
2026-01-04 04:48:06.136,91189.0,91560.0,91148.0,91370.0,510.02418
2026-01-04 05:48:06.136,91370.0,91448.0,91308.0,91443.0,212.91372
2026-01-04 06:48:06.136,91442.0,91834.0,91177.0,91180.0,770.83219
2026-01-04 07:48:06.136,91181.0,91514.0,91166.0,91494.0,559.69345
2026-01-04 08:48:06.136,91493.0,91526.0,91120.0,91331.0,691.67741
2026-01-04 09:48:06.136,91331.0,91439.0,91209.0,91419.0,274.68565
2026-01-04 10:48:06.136,91419.0,91577.0,91373.0,91559.0,386.11682
2026-01-04 11:48:06.136,91559.0,91559.0,91187.0,91256.0,474.71643
2026-01-04 12:48:06.136,91256.0,91312.0,91050.0,91101.0,535.58858
2026-01-04 13:48:06.136,91102.0,91232.0,90975.0,91226.0,449.20082
2026-01-04 14:48:06.136,91226.0,91373.0,91108.0,91301.0,471.58239
2026-01-04 15:48:06.136,91301.0,91341.0,91053.0,91294.0,684.30249
2026-01-04 16:48:06.136,91294.0,91411.0,91196.0,91283.0,446.54192
2026-01-04 17:48:06.136,91283.0,91394.0,91268.0,91301.0,281.6432
2026-01-04 18:48:06.136,91301.0,91301.0,90950.0,91176.0,948.18998
2026-01-04 19:48:06.136,91176.0,91176.0,90839.0,91101.0,767.02835
2026-01-04 20:48:06.136,91101.0,91306.0,91083.0,91270.0,356.90622
2026-01-04 21:48:06.136,91271.0,91392.0,91138.0,91242.0,449.0016
2026-01-04 22:48:06.136,91243.0,91372.0,91115.0,91184.0,383.57628
2026-01-04 23:48:06.136,91184.0,91571.0,91184.0,91511.0,1237.57396
2026-01-05 00:48:06.136,91510.0,92412.0,91479.0,92373.0,2722.65521
2026-01-05 01:48:06.136,92374.0,93366.0,92261.0,92921.0,2931.88378
2026-01-05 02:48:06.136,92922.0,93128.0,92701.0,93004.0,879.25771
2026-01-05 03:48:06.136,93004.0,93176.0,92835.0,92844.0,692.66802
2026-01-05 04:48:06.136,92843.0,92925.0,92312.0,92579.0,1212.18719
2026-01-05 05:48:06.136,92580.0,92694.0,92307.0,92318.0,1513.78787
2026-01-05 06:48:06.136,92319.0,92465.0,92109.0,92456.0,377.56961
2026-01-05 07:48:06.136,92456.0,92600.0,92454.0,92497.0,229.11597
2026-01-05 08:48:06.136,92498.0,92735.0,92425.0,92430.0,475.28111
2026-01-05 09:48:06.136,92431.0,92817.0,92290.0,92660.0,1337.22935
2026-01-05 10:48:06.136,92661.0,93146.0,92646.0,93054.0,1875.22221
2026-01-05 11:48:06.136,93055.0,93131.0,92853.0,93114.0,2529.42933
2026-01-05 12:48:06.136,93115.0,93193.0,92729.0,92851.0,501.16316
2026-01-05 13:48:06.136,92852.0,92991.0,92508.0,92716.0,691.10728
2026-01-05 14:48:06.136,92716.0,93623.0,92368.0,93398.0,3092.83208
2026-01-05 15:48:06.136,93399.0,93983.0,93167.0,93929.0,3029.12737
2026-01-05 16:48:06.136,93929.0,94000.0,93534.0,93655.0,2154.81768
2026-01-05 17:48:06.136,93655.0,94443.0,93202.0,94257.0,4521.2659
2026-01-05 18:48:06.136,94258.0,94472.0,93859.0,94404.0,3291.39414
2026-01-05 19:48:06.136,94405.0,94463.0,94086.0,94263.0,1843.01171
2026-01-05 20:48:06.136,94264.0,94753.0,93981.0,94128.0,1507.83145
2026-01-05 21:48:06.136,94127.0,94192.0,93764.0,94045.0,1117.66749
2026-01-05 22:48:06.136,94046.0,94366.0,93955.0,94125.0,920.27559
2026-01-05 23:48:06.136,94126.0,94153.0,93812.0,93832.0,483.95449
2026-01-06 00:48:06.136,93831.0,93945.0,93511.0,93778.0,897.34014
2026-01-06 01:48:06.136,93778.0,94123.0,93704.0,93743.0,525.06269
2026-01-06 02:48:06.136,93742.0,93830.0,93493.0,93590.0,594.37919
2026-01-06 03:48:06.136,93591.0,93901.0,93568.0,93725.0,286.8169
2026-01-06 04:48:06.136,93726.0,93978.0,93704.0,93776.0,426.13819
2026-01-06 05:48:06.136,93776.0,93781.0,93528.0,93559.0,529.5102
2026-01-06 06:48:06.136,93560.0,93906.0,93511.0,93747.0,472.40121
2026-01-06 07:48:06.136,93746.0,93747.0,93133.0,93234.0,1603.5562
2026-01-06 08:48:06.136,93234.0,93414.0,93164.0,93211.0,554.41744
2026-01-06 09:48:06.136,93211.0,93547.0,93210.0,93443.0,799.10465
2026-01-06 10:48:06.136,93444.0,93651.0,93388.0,93560.0,679.47623
2026-01-06 11:48:06.136,93560.0,93890.0,93555.0,93825.0,543.20719
2026-01-06 12:48:06.136,93826.0,93987.0,93769.0,93855.0,325.85808
2026-01-06 13:48:06.136,93855.0,93863.0,93637.0,93709.0,649.50806
2026-01-06 14:48:06.136,93710.0,94435.0,93512.0,93823.0,5830.01097
2026-01-06 15:48:06.136,93823.0,94292.0,93327.0,93644.0,2845.63258
2026-01-06 16:48:06.136,93643.0,93754.0,92321.0,92706.0,4172.63222
2026-01-06 17:48:06.136,92706.0,92773.0,91537.0,91604.0,3712.04541
2026-01-06 18:48:06.136,91605.0,92265.0,91316.0,92090.0,4259.42126
2026-01-06 19:48:06.136,92090.0,92374.0,91950.0,92153.0,1031.02183
2026-01-06 20:48:06.136,92151.0,92733.0,92150.0,92548.0,892.69026
2026-01-06 21:48:06.136,92549.0,93897.0,92411.0,93285.0,4439.01425
2026-01-06 22:48:06.136,93286.0,93567.0,93000.0,93409.0,1787.20864
2026-01-06 23:48:06.136,93395.0,93837.0,93371.0,93801.0,898.20411
2026-01-07 00:48:06.136,93801.0,93801.0,92696.0,92750.0,1474.48357
2026-01-07 01:48:06.136,92751.0,92925.0,92356.0,92495.0,1141.50523
2026-01-07 02:48:06.136,92492.0,93110.0,92285.0,93024.0,1140.51712
2026-01-07 03:48:06.136,93025.0,93172.0,92798.0,92889.0,1113.04476
2026-01-07 04:48:06.136,92889.0,93000.0,92669.0,92724.0,1054.51705
2026-01-07 05:48:06.136,92723.0,92921.0,92561.0,92576.0,818.14459
2026-01-07 06:48:06.136,92577.0,92958.0,92570.0,92656.0,436.78171
2026-01-07 07:48:06.136,92656.0,92954.0,92655.0,92944.0,291.19559
2026-01-07 08:48:06.136,92943.0,93024.0,92757.0,92768.0,338.64218
2026-01-07 09:48:06.136,92768.0,92768.0,91621.0,91771.0,3176.85341
2026-01-07 10:48:06.136,91770.0,92081.0,91645.0,92039.0,1084.86428
2026-01-07 11:48:06.136,92040.0,92342.0,91991.0,92162.0,1572.45631
2026-01-07 12:48:06.136,92159.0,92261.0,92049.0,92057.0,993.39551
2026-01-07 13:48:06.136,92057.0,92351.0,91931.0,92106.0,816.97449
2026-01-07 14:48:06.136,92106.0,92244.0,91422.0,92051.0,3203.66852
2026-01-07 15:48:06.136,92051.0,92078.0,91133.0,91409.0,4109.31189
2026-01-07 16:48:06.136,91408.0,91851.0,91204.0,91304.0,2388.03582
2026-01-07 17:48:06.136,91306.0,91740.0,91096.0,91336.0,1781.34702
2026-01-07 18:48:06.136,91336.0,91527.0,90677.0,90919.0,4279.23319
2026-01-07 19:48:06.136,90919.0,91316.0,90677.0,91219.0,1977.10246
2026-01-07 20:48:06.136,91219.0,91337.0,90804.0,91096.0,987.86185
2026-01-07 21:48:06.136,91096.0,91272.0,91077.0,91086.0,671.87006
2026-01-07 22:48:06.136,91114.0,91398.0,90884.0,91199.0,1399.79138
2026-01-07 23:48:06.136,91199.0,91499.0,91024.0,91373.0,1260.20791
2026-01-08 00:48:06.136,91373.0,91518.0,91071.0,91386.0,740.80407
2026-01-08 01:48:06.136,91386.0,91676.0,91304.0,91437.0,520.89877
2026-01-08 02:48:06.136,91438.0,91473.0,90774.0,90967.0,1134.95361
2026-01-08 03:48:06.136,90966.0,91139.0,90591.0,90812.0,660.0719
2026-01-08 04:48:06.136,90812.0,91160.0,90706.0,91033.0,274.76458
2026-01-08 05:48:06.136,91033.0,91200.0,90790.0,90824.0,829.18233
2026-01-08 06:48:06.136,90824.0,90867.0,89828.0,89848.0,3946.86743
2026-01-08 07:48:06.136,89854.0,90559.0,89622.0,90515.0,2596.50261
2026-01-08 08:48:06.136,90514.0,90721.0,90112.0,90199.0,847.4045
2026-01-08 09:48:06.136,90199.0,90345.0,89915.0,89978.0,749.51319
2026-01-08 10:48:06.136,89979.0,90474.0,89750.0,90386.0,1811.9365
2026-01-08 11:48:06.136,90386.0,90460.0,90000.0,90198.0,938.78976
2026-01-08 12:48:06.136,90198.0,90220.0,89772.0,89964.0,1042.90329
2026-01-08 13:48:06.136,89964.0,90091.0,89862.0,89956.0,709.05274
2026-01-08 14:48:06.136,89950.0,90176.0,89300.0,90031.0,5400.43931
2026-01-08 15:48:06.136,90031.0,90859.0,89828.0,90795.0,3838.31256
2026-01-08 16:48:06.136,90800.0,90956.0,90336.0,90956.0,2393.61676
2026-01-08 17:48:06.136,90956.0,91450.0,90863.0,91380.0,2253.2313
2026-01-08 18:48:06.136,91380.0,91490.0,90934.0,91104.0,2184.85558
2026-01-08 19:48:06.136,91104.0,91330.0,90812.0,90928.0,1577.51185
2026-01-08 20:48:06.136,90928.0,90977.0,90542.0,90924.0,1575.62376
2026-01-08 21:48:06.136,90924.0,91319.0,90908.0,91254.0,1020.26017
2026-01-08 22:48:06.136,91253.0,91466.0,91008.0,91210.0,1031.08801
2026-01-08 23:48:06.136,91210.0,91310.0,91030.0,91079.0,518.3428
2026-01-09 00:48:06.136,91079.0,91280.0,91041.0,91270.0,433.46581
2026-01-09 01:48:06.136,91270.0,91627.0,90815.0,91039.0,1154.09203
2026-01-09 02:48:06.136,91037.0,91461.0,90987.0,91023.0,672.56344
2026-01-09 03:48:06.136,91023.0,91263.0,90934.0,91207.0,468.13816
2026-01-09 04:48:06.136,91207.0,91220.0,90910.0,91010.0,407.55639
2026-01-09 05:48:06.136,91010.0,91118.0,90902.0,91085.0,573.41205
2026-01-09 06:48:06.136,91084.0,91148.0,90980.0,91137.0,743.9888
2026-01-09 07:48:06.136,91137.0,91138.0,90710.0,90733.0,1850.90985
2026-01-09 08:48:06.136,90734.0,90849.0,89645.0,90012.0,5408.01873
2026-01-09 09:48:06.136,90009.0,90491.0,89995.0,90326.0,2390.57878
2026-01-09 10:48:06.136,90327.0,90545.0,90267.0,90478.0,550.85487
2026-01-09 11:48:06.136,90478.0,90683.0,90390.0,90434.0,278.90987
2026-01-09 12:48:06.136,90434.0,90583.0,90204.0,90438.0,415.05787
2026-01-09 13:48:06.136,90438.0,90915.0,90369.0,90585.0,969.1335
2026-01-09 14:48:06.136,90585.0,90652.0,89929.0,90137.0,2137.09429
2026-01-09 15:48:06.136,90137.0,92061.0,89834.0,91185.0,6094.2877
2026-01-09 16:48:06.136,91185.0,91784.0,91156.0,91621.0,2864.56715
2026-01-09 17:48:06.136,91622.0,91676.0,90999.0,91428.0,1633.55362
2026-01-09 18:48:06.136,91427.0,91501.0,90275.0,90821.0,3273.80343
2026-01-09 19:48:06.136,90821.0,90821.0,90143.0,90336.0,3035.76774
2026-01-09 20:48:06.136,90334.0,90565.0,90221.0,90307.0,1859.90476
2026-01-09 21:48:06.136,90308.0,90634.0,90131.0,90540.0,634.91111
2026-01-09 22:48:06.136,90541.0,90700.0,90350.0,90629.0,778.98908
2026-01-09 23:48:06.136,90630.0,90732.0,90602.0,90650.0,261.62531
2026-01-10 00:48:06.136,90651.0,90693.0,90520.0,90585.0,254.77407
2026-01-10 01:48:06.136,90586.0,90733.0,90581.0,90682.0,357.22549
2026-01-10 02:48:06.136,90683.0,90790.0,90597.0,90692.0,270.69908
2026-01-10 03:48:06.136,90692.0,90695.0,90545.0,90631.0,157.21047
2026-01-10 04:48:06.136,90631.0,90641.0,90400.0,90442.0,335.49628
2026-01-10 05:48:06.136,90443.0,90612.0,90422.0,90592.0,80.02811
2026-01-10 06:48:06.136,90592.0,90597.0,90468.0,90498.0,69.27589
2026-01-10 07:48:06.136,90499.0,90684.0,90498.0,90657.0,339.80387
2026-01-10 08:48:06.136,90657.0,90729.0,90603.0,90646.0,61.70909
2026-01-10 09:48:06.136,90646.0,90755.0,90615.0,90754.0,63.96641
2026-01-10 10:48:06.136,90755.0,90800.0,90707.0,90800.0,171.26326
2026-01-10 11:48:06.136,90800.0,90800.0,90686.0,90715.0,71.03661
2026-01-10 12:48:06.136,90715.0,90779.0,90663.0,90730.0,218.15915
2026-01-10 13:48:06.136,90731.0,90752.0,90628.0,90648.0,74.75679
2026-01-10 14:48:06.136,90648.0,90657.0,90517.0,90585.0,373.089
2026-01-10 15:48:06.136,90585.0,90654.0,90566.0,90646.0,87.26083
2026-01-10 16:48:06.136,90646.0,90710.0,90595.0,90651.0,93.83182
2026-01-10 17:48:06.136,90651.0,90737.0,90514.0,90515.0,471.43577
2026-01-10 18:48:06.136,90516.0,90567.0,90496.0,90566.0,151.40208
2026-01-10 19:48:06.136,90567.0,90603.0,90562.0,90603.0,41.03701
2026-01-10 20:48:06.136,90603.0,90630.0,90537.0,90544.0,42.57063
2026-01-10 21:48:06.136,90545.0,90554.0,90466.0,90473.0,201.11123
2026-01-10 22:48:06.136,90472.0,90568.0,90349.0,90391.0,589.82461
2026-01-10 23:48:06.136,90391.0,90536.0,90390.0,90485.0,124.04609
2026-01-11 00:48:06.136,90485.0,90631.0,90420.0,90625.0,496.93139
2026-01-11 01:48:06.136,90625.0,90654.0,90546.0,90622.0,48.1529
2026-01-11 02:48:06.136,90623.0,90712.0,90600.0,90676.0,89.42838
2026-01-11 03:48:06.136,90677.0,90715.0,90625.0,90712.0,40.17633
2026-01-11 04:48:06.136,90715.0,90785.0,90650.0,90784.0,122.67841
2026-01-11 05:48:06.136,90784.0,90845.0,90730.0,90761.0,62.22361
2026-01-11 06:48:06.136,90762.0,90789.0,90523.0,90709.0,771.01243
2026-01-11 07:48:06.136,90710.0,90717.0,90644.0,90676.0,142.31042
2026-01-11 08:48:06.136,90676.0,90777.0,90573.0,90777.0,283.2449
2026-01-11 09:48:06.136,90763.0,90779.0,90636.0,90695.0,115.70895
2026-01-11 10:48:06.136,90695.0,90711.0,90640.0,90708.0,308.20137
2026-01-11 11:48:06.136,90708.0,90713.0,90663.0,90703.0,42.0353
2026-01-11 12:48:06.136,90704.0,90975.0,90685.0,90908.0,419.81658
2026-01-11 13:48:06.136,90908.0,90952.0,90787.0,90833.0,278.85398
2026-01-11 14:48:06.136,90834.0,91157.0,90833.0,91095.0,446.11474
2026-01-11 15:48:06.136,91096.0,91126.0,90639.0,90837.0,1748.75537
2026-01-11 16:48:06.136,90837.0,91250.0,90837.0,90996.0,397.47286
2026-01-11 17:48:06.136,90995.0,91105.0,90877.0,90953.0,793.48515
2026-01-11 18:48:06.136,90952.0,90954.0,90735.0,90851.0,577.286
2026-01-11 19:48:06.136,90850.0,90890.0,90623.0,90661.0,503.59846
2026-01-11 20:48:06.136,90661.0,90700.0,90388.0,90679.0,1271.57743
2026-01-11 21:48:06.136,90679.0,90816.0,90563.0,90732.0,896.33274
2026-01-11 22:48:06.136,90732.0,90739.0,90424.0,90509.0,1654.58092
2026-01-11 23:48:06.136,90508.0,91050.0,90207.0,90997.0,1680.70717
2026-01-12 00:48:06.136,90998.0,91247.0,90674.0,91246.0,1588.17224
2026-01-12 01:48:06.136,91247.0,91796.0,91074.0,91400.0,1384.00687
2026-01-12 02:48:06.136,91402.0,92424.0,91360.0,92197.0,1593.1435
2026-01-12 03:48:06.136,92197.0,92505.0,91790.0,91793.0,1493.6205
2026-01-12 04:48:06.136,91794.0,92280.0,91736.0,92158.0,1078.48494
2026-01-12 05:48:06.136,92158.0,92258.0,92033.0,92095.0,246.01549
2026-01-12 06:48:06.136,92095.0,92191.0,91790.0,91804.0,612.22767
2026-01-12 07:48:06.136,91805.0,91940.0,91366.0,91389.0,1200.35308
2026-01-12 08:48:06.136,91389.0,91598.0,90358.0,90731.0,2653.5781
2026-01-12 09:48:06.136,90731.0,90903.0,90605.0,90655.0,549.66157
2026-01-12 10:48:06.136,90655.0,90759.0,90330.0,90403.0,482.48731
2026-01-12 11:48:06.136,90404.0,90793.0,90397.0,90588.0,374.56283
2026-01-12 12:48:06.136,90592.0,90840.0,90590.0,90767.0,493.47423
2026-01-12 13:48:06.136,90767.0,90807.0,90506.0,90597.0,744.81172
2026-01-12 14:48:06.136,90596.0,91097.0,90081.0,90876.0,3206.6532
2026-01-12 15:48:06.136,90876.0,91640.0,90672.0,91640.0,2634.00927
2026-01-12 16:48:06.136,91639.0,92281.0,91548.0,92100.0,3264.06366
2026-01-12 17:48:06.136,92099.0,92291.0,90876.0,91476.0,7068.3563
2026-01-12 18:48:06.136,91481.0,91920.0,91373.0,91634.0,2988.30376
2026-01-12 19:48:06.136,91634.0,91834.0,91380.0,91808.0,1444.89371
2026-01-12 20:48:06.136,91807.0,92013.0,91351.0,91445.0,1872.51807
2026-01-12 21:48:06.136,91444.0,91444.0,90874.0,91007.0,1146.35821
2026-01-12 22:48:06.136,91007.0,91390.0,91002.0,91192.0,953.87163
2026-01-12 23:48:06.136,91191.0,91269.0,91009.0,91249.0,592.63697
2026-01-13 00:48:06.136,91249.0,91500.0,91199.0,91434.0,2166.26838
2026-01-13 01:48:06.136,91433.0,91500.0,90991.0,91148.0,796.38099
2026-01-13 02:48:06.136,91149.0,91334.0,91066.0,91082.0,429.24018
2026-01-13 03:48:06.136,91082.0,91410.0,91080.0,91382.0,771.39236
2026-01-13 04:48:06.136,91383.0,91600.0,91309.0,91484.0,352.11642
2026-01-13 05:48:06.136,91484.0,92293.0,91432.0,91906.0,5048.25406
2026-01-13 06:48:06.136,91906.0,92271.0,91789.0,92171.0,1930.52119
2026-01-13 07:48:06.136,92172.0,92195.0,91896.0,91950.0,381.46497
2026-01-13 08:48:06.136,91950.0,92266.0,91915.0,92172.0,675.65782
2026-01-13 09:48:06.136,92171.0,92686.0,91935.0,92261.0,2015.12773
2026-01-13 10:48:06.136,92260.0,92351.0,92005.0,92130.0,853.94798
2026-01-13 11:48:06.136,92130.0,92250.0,91965.0,91992.0,338.08508
2026-01-13 12:48:06.136,91993.0,92150.0,91904.0,92100.0,220.57082
2026-01-13 13:48:06.136,92099.0,92600.0,91988.0,92071.0,2601.34189
2026-01-13 14:48:06.136,92070.0,92913.0,91779.0,92455.0,2923.39602
2026-01-13 15:48:06.136,92455.0,93434.0,92122.0,93434.0,3361.19911
2026-01-13 16:48:06.136,93435.0,93724.0,93019.0,93362.0,3547.87593
2026-01-13 17:48:06.136,93363.0,93460.0,93060.0,93210.0,1283.67368
2026-01-13 18:48:06.136,93209.0,93843.0,93159.0,93583.0,2044.59568
2026-01-13 19:48:06.136,93584.0,94200.0,93438.0,94176.0,2151.45116
2026-01-13 20:48:06.136,94177.0,94484.0,94081.0,94360.0,3496.15674
2026-01-13 21:48:06.136,94359.0,94464.0,94020.0,94041.0,1764.32173
2026-01-13 22:48:06.136,94040.0,96626.0,94040.0,95719.0,8957.67213
2026-01-13 23:48:06.136,95719.0,96093.0,94994.0,95374.0,4051.30355
2026-01-14 00:48:06.136,95374.0,95600.0,95117.0,95203.0,1364.80229
2026-01-14 01:48:06.136,95203.0,95538.0,95084.0,95189.0,883.34056
2026-01-14 02:48:06.136,95190.0,95522.0,95161.0,95299.0,991.87794
2026-01-14 03:48:06.136,95299.0,95681.0,95246.0,95681.0,387.28179
2026-01-14 04:48:06.136,95680.0,95754.0,95157.0,95194.0,640.75181
2026-01-14 05:48:06.136,95193.0,95231.0,94894.0,94958.0,1579.1393
2026-01-14 06:48:06.136,94958.0,94992.0,94544.0,94992.0,1348.48302
2026-01-14 07:48:06.136,94992.0,95212.0,94819.0,95183.0,2453.08354
2026-01-14 08:48:06.136,95182.0,95302.0,94863.0,94869.0,629.93338
